Workbook

Sheet 01-03-25
C1: 45660
C3: MANAGED ACCT | X3: Current | AC3: IBD
H4: Cost | J4: P/L | N4: Group | P4: EPS | R4: pivot | S4: last | W4: cost | X4: Stop | Y4: Stop | Z4: % | AB4: EPS | AC4: Comp
A5: Symbol | B5: Position | C5: Name | D5: Qty | E5: Current | F5: Value | G5: Cost | H5: per share | I5: P/L $ | J5: per sh | K5: Date purch | L5: days held | M5: % incr | N5: Rank | O5: RS | P5: RS | Q5: pivot | R5: -0.07 | S5: low | T5: 0.25 | U5: 0.5 | V5: 1 | W5: -0.07 | X5: Loss | Y5: Loss% | Z5: of port | AB5: Due | AC5: Rank
A7: ONON | B7: Long | C7: On Holding | D7: 1263.7796 | E7: 56.62 | F7: =E7*D7 -> 71555.201 | G7: 56489.42 | H7: =G7/D7 -> 44.698791 | I7: =F7-G7 -> 15065.781 | J7: =E7-H7 -> 11.921209 | K7: 45527 | L7: =DAYS360(K7,$C$1) -> 130 | M7: =(I7/G7) -> 0.26670093 | N7: 120 | O7: 94 | P7: 89 | Q7: 43.2 | R7: =Q7*0.93 -> 40.176 | S7: 49.51 | T7: =Q7*1.25 -> 54 | U7: =Q7*1.5 -> 64.8 | V7: =Q7*2 -> 86.4 | W7: =H7-(H7*0.07) -> 41.569875 | X7: 51 | Y7: =(X7-H7)/H7 -> 0.14097046 | Z7: =F7/F$19 -> 0.095345346 | AB7: 45729 | AC7: 96
A8: TILE | B8: Long | C8: Interface | D8: 3020.3486 | E8: 24.24 | F8: =E8*D8 -> 73213.25 | G8: 56486.59 | H8: =G8/D8 -> 18.70201 | I8: =F8-G8 -> 16726.66 | J8: =E8-H8 -> 5.5379899 | K8: 45527 | L8: =DAYS360(K8,$C$1) -> 130 | M8: =(I8/G8) -> 0.29611736 | N8: 108 | O8: 94 | P8: 86 | Q8: 17.86 | R8: =Q8*0.93 -> 16.6098 | S8: 23.7 | T8: =Q8*1.25 -> 22.325 | U8: =Q8*1.5 -> 26.79 | V8: =Q8*2 -> 35.72 | W8: =H8-(H8*0.07) -> 17.392869 | X8: 22 | Y8: =(X8-H8)/H8 -> 0.17634414 | Z8: =F8/F$19 -> 0.097554651 | AB8: 45720 | AC8: 89
A9: MSTR | B9: Long | C9: Microstrategy | D9: =341.2204-83.2121 -> 258.0083 | E9: 339.66 | F9: =E9*D9 -> 87635.099 | G9: =71012.62-17317.27 -> 53695.35 | H9: =G9/D9 -> 208.11482 | I9: =F9-G9 -> 33939.749 | J9: =E9-H9 -> 131.54518 | K9: 45580 | L9: =DAYS360(K9,$C$1) -> 78 | M9: =(I9/G9) -> 0.63207986 | N9: 13 | O9: 98 | P9: 5 | Q9: 183.7 | R9: =Q9*0.93 -> 170.841 | S9: 285.01 | T9: =Q9*1.25 -> 229.625 | U9: =Q9*1.5 -> 275.55 | V9: =Q9*2 -> 367.4 | W9: =H9-(H9*0.07) -> 193.54678 | X9: 335 | Y9: =(X9-H9)/H9 -> 0.60968837 | Z9: =F9/F$19 -> 0.11677137 | AB9: 45692 | AC9: 61
A10: IBIT | B10: Long | C10: iShares Bitcoin | D10: 939.2424 | E10: 55.96 | F10: =E10*D10 -> 52560.005 | G10: 36992.18 | H10: =G10/D10 -> 39.385126 | I10: =F10-G10 -> 15567.825 | J10: =E10-H10 -> 16.574874 | K10: 45593 | L10: =DAYS360(K10,$C$1) -> 65 | M10: =(I10/G10) -> 0.42084096 | O10: 96 | P10: - | Q10: 39.37 | R10: =Q10*0.93 -> 36.6141 | S10: 51.54 | T10: =Q10*1.25 -> 49.2125 | U10: =Q10*1.5 -> 59.055 | V10: =Q10*2 -> 78.74 | W10: =H10-(H10*0.07) -> 36.628167 | X10: 50 | Y10: =(X10-H10)/H10 -> 0.2695148 | Z10: =F10/F$19 -> 0.070034767
A11: AXGN | B11: Long | C11: Axogen | D11: 2234.6065 | E11: 16.11 | F11: =E11*D11 -> 35999.511 | G11: 37971.83 | H11: =G11/D11 -> 16.992625 | I11: =F11-G11 -> -1972.3193 | J11: =E11-H11 -> -0.88262488 | K11: 45652 | L11: =DAYS360(K11,$C$1) -> 7 | M11: =(I11/G11) -> -0.051941644 | N11: 82 | O11: 96 | P11: 81 | Q11: 15.9 | R11: =Q11*0.93 -> 14.787 | S11: 13.85 | T11: =Q11*1.25 -> 19.875 | U11: =Q11*1.5 -> 23.85 | V11: =Q11*2 -> 31.8 | W11: =H11-(H11*0.07) -> 15.803141 | X11: 15.65 | Y11: =(X11-H11)/H11 -> -0.079012212 | Z11: =F11/F$19 -> 0.047968362 | AB11: 45720 | AC11: 93
A12: SQ | B12: Long | C12: Block | D12: 653.8238 | E12: 92.16 | F12: =E12*D12 -> 60256.401 | G12: 58922.08 | H12: =G12/D12 -> 90.119203 | I12: =F12-G12 -> 1334.3214 | J12: =E12-H12 -> 2.0407966 | K12: 45660 | L12: =DAYS360(K12,$C$1) -> 0 | M12: =(I12/G12) -> 0.022645525 | N12: 38 | O12: 89 | P12: 99 | Q12: 87.52 | R12: =Q12*0.93 -> 81.3936 | S12: 84.82 | T12: =Q12*1.25 -> 109.4 | U12: =Q12*1.5 -> 131.28 | V12: =Q12*2 -> 175.04 | W12: =H12-(H12*0.07) -> 83.810859 | X12: 84 | Y12: =(X12-H12)/H12 -> -0.067901215 | Z12: =F12/F$19 -> 0.080290005 | AB12: 45708 | AC12: 97
F13: =E13*D13 -> 0 | H13: =G13/D13 -> #DIV/0! | I13: =F13-G13 -> 0 | J13: =E13-H13 -> #DIV/0! | L13: =DAYS360(K13,$C$1) -> 45003 | M13: =(I13/G13) -> #DIV/0! | R13: =Q13*0.93 -> 0 | T13: =Q13*1.25 -> 0 | U13: =Q13*1.5 -> 0 | V13: =Q13*2 -> 0 | W13: =H13-(H13*0.07) -> #DIV/0! | Y13: =(X13-H13)/H13 -> #DIV/0! | Z13: =F13/F$19 -> 0
F14: =E14*D14 -> 0 | H14: =G14/D14 -> #DIV/0! | I14: =F14-G14 -> 0 | J14: =E14-H14 -> #DIV/0! | L14: =DAYS360(K14,$C$1) -> 45003 | M14: =(I14/G14) -> #DIV/0! | R14: =Q14*0.93 -> 0 | T14: =Q14*1.25 -> 0 | U14: =Q14*1.5 -> 0 | V14: =Q14*2 -> 0 | W14: =H14-(H14*0.07) -> #DIV/0! | Y14: =(X14-H14)/H14 -> #DIV/0! | Z14: =F14/F$19 -> 0
F15: =E15*D15 -> 0 | H15: =G15/D15 -> #DIV/0! | I15: =F15-G15 -> 0 | J15: =E15-H15 -> #DIV/0! | L15: =DAYS360(K15,$C$1) -> 45003 | M15: =(I15/G15) -> #DIV/0! | R15: =Q15*0.93 -> 0 | T15: =Q15*1.25 -> 0 | U15: =Q15*1.5 -> 0 | V15: =Q15*2 -> 0 | W15: =H15-(H15*0.07) -> #DIV/0! | Y15: =(X15-H15)/H15 -> #DIV/0! | Z15: =F15/F$19 -> 0
F16: =E16*D16 -> 0 | H16: =G16/D16 -> #DIV/0! | I16: =F16-G16 -> 0 | J16: =E16-H16 -> #DIV/0! | L16: =DAYS360(K16,$C$1) -> 45003 | M16: =(I16/G16) -> #DIV/0! | R16: =Q16*0.93 -> 0 | T16: =Q16*1.25 -> 0 | U16: =Q16*1.5 -> 0 | V16: =Q16*2 -> 0 | W16: =H16-(H16*0.07) -> #DIV/0! | Y16: =(X16-H16)/H16 -> #DIV/0! | Z16: =F16/F$19 -> 0
A17: Sub-Total | F17: =SUM(F6:F16) -> 381219.47 | G17: =SUM(G6:G16) -> 300557.45 | I17: =SUM(I6:I16) -> 80662.017
D18: Cash, other | F18: 369265 | G18: =F18/F19 -> 0.4920355
D19: Total | F19: =SUM(F17:F18) -> 750484.47 | K19: Control acct (Doug's IRA) | M19: Today
H20: Last week's close | I20: ='[1]12-27-24'!F19 -> 751129.2 | K20: 45657 | L20: 170762 | M20: 174651
H21: Week's change | I21: =(F19-I20)/I20 -> -0.00085834714 | K21: chg % | L21: =(M20-L20)/L20 -> 0.022774388
M23: days
A24: 2025 Closed Trades - Managed Acct | D24: Qty | E24: Cost/sh | F24: $ cost | G24: $Proc | H24: Proc/sh | I24: Profit/loss | J24: % | K24: Date purch | L24: Date sold | M24: held | P24: Comments
A25: APH | B25: Long | C25: Amphenol | D25: 935.0369 | E25: =F25/D25 -> 72.335006 | F25: 67635.9 | G25: 64699.88 | H25: =G25/D25 -> 69.195002 | I25: =G25-F25 -> -2936.02 | J25: =I25/F25 -> -0.043409195 | K25: 45609 | L25: 45659 | M25: =DAYS360(K25,L25) -> 49
I35: =SUM(I25:I34) -> -2936.02 | J35: Avg
H36: # of losses | I36: 1 | J36: -0.0434
H37: # of wins | I37: 0 | J37: 0

Sheet 01-10-25
C1: 45667
C3: MANAGED ACCT | X3: Current | AC3: IBD
H4: Cost | J4: P/L | N4: Group | P4: EPS | R4: pivot | S4: last | W4: cost | X4: Stop | Y4: Stop | Z4: % | AB4: EPS | AC4: Comp
A5: Symbol | B5: Position | C5: Name | D5: Qty | E5: Current | F5: Value | G5: Cost | H5: per share | I5: P/L $ | J5: per sh | K5: Date purch | L5: days held | M5: % incr | N5: Rank | O5: RS | P5: RS | Q5: pivot | R5: -0.07 | S5: low | T5: 0.25 | U5: 0.5 | V5: 1 | W5: -0.07 | X5: Loss | Y5: Loss% | Z5: of port | AB5: Due | AC5: Rank
A7: ONON | B7: Long | C7: On Holding | D7: 1263.7796 | E7: 56.63 | F7: =E7*D7 -> 71567.839 | G7: 56489.42 | H7: =G7/D7 -> 44.698791 | I7: =F7-G7 -> 15078.419 | J7: =E7-H7 -> 11.931209 | K7: 45527 | L7: =DAYS360(K7,$C$1) -> 137 | M7: =(I7/G7) -> 0.26692465 | N7: 95 | O7: 94 | P7: 89 | Q7: 43.2 | R7: =Q7*0.93 -> 40.176 | S7: 49.51 | T7: =Q7*1.25 -> 54 | U7: =Q7*1.5 -> 64.8 | V7: =Q7*2 -> 86.4 | W7: =H7-(H7*0.07) -> 41.569875 | X7: 51 | Y7: =(X7-H7)/H7 -> 0.14097046 | Z7: =F7/F$19 -> 0.097506787 | AB7: 45729 | AC7: 98
A8: TILE | B8: Long | C8: Interface | D8: 3020.3486 | E8: 22.8 | F8: =E8*D8 -> 68863.948 | G8: 56486.59 | H8: =G8/D8 -> 18.70201 | I8: =F8-G8 -> 12377.358 | J8: =E8-H8 -> 4.0979899 | K8: 45527 | L8: =DAYS360(K8,$C$1) -> 137 | M8: =(I8/G8) -> 0.21912029 | N8: 122 | O8: 93 | P8: 86 | Q8: 17.86 | R8: =Q8*0.93 -> 16.6098 | S8: 23.7 | T8: =Q8*1.25 -> 22.325 | U8: =Q8*1.5 -> 26.79 | V8: =Q8*2 -> 35.72 | W8: =H8-(H8*0.07) -> 17.392869 | X8: 22 | Y8: =(X8-H8)/H8 -> 0.17634414 | Z8: =F8/F$19 -> 0.093822902 | AB8: 45720 | AC8: 88
A9: MSTR | B9: Long | C9: Microstrategy | D9: =341.2204-83.2121 -> 258.0083 | E9: 327.91 | F9: =E9*D9 -> 84603.502 | G9: =71012.62-17317.27 -> 53695.35 | H9: =G9/D9 -> 208.11482 | I9: =F9-G9 -> 30908.152 | J9: =E9-H9 -> 119.79518 | K9: 45580 | L9: =DAYS360(K9,$C$1) -> 85 | M9: =(I9/G9) -> 0.57562064 | N9: 19 | O9: 99 | P9: 5 | Q9: 183.7 | R9: =Q9*0.93 -> 170.841 | S9: 285.01 | T9: =Q9*1.25 -> 229.625 | U9: =Q9*1.5 -> 275.55 | V9: =Q9*2 -> 367.4 | W9: =H9-(H9*0.07) -> 193.54678 | X9: 335 | Y9: =(X9-H9)/H9 -> 0.60968837 | Z9: =F9/F$19 -> 0.11526708 | AB9: 45692 | AC9: 65
A10: IBIT | B10: Long | C10: iShares Bitcoin | D10: 939.2424 | E10: 53.84 | F10: =E10*D10 -> 50568.811 | G10: 36992.18 | H10: =G10/D10 -> 39.385126 | I10: =F10-G10 -> 13576.631 | J10: =E10-H10 -> 14.454874 | K10: 45593 | L10: =DAYS360(K10,$C$1) -> 72 | M10: =(I10/G10) -> 0.36701354 | O10: 96 | P10: - | Q10: 39.37 | R10: =Q10*0.93 -> 36.6141 | S10: 51.54 | T10: =Q10*1.25 -> 49.2125 | U10: =Q10*1.5 -> 59.055 | V10: =Q10*2 -> 78.74 | W10: =H10-(H10*0.07) -> 36.628167 | X10: 50 | Y10: =(X10-H10)/H10 -> 0.2695148 | Z10: =F10/F$19 -> 0.0688969
A11: AXGN | B11: Long | C11: Axogen | D11: 2234.6065 | E11: 18.05 | F11: =E11*D11 -> 40334.647 | G11: 37971.83 | H11: =G11/D11 -> 16.992625 | I11: =F11-G11 -> 2362.8173 | J11: =E11-H11 -> 1.0573751 | K11: 45652 | L11: =DAYS360(K11,$C$1) -> 14 | M11: =(I11/G11) -> 0.062225532 | N11: 55 | O11: 97 | P11: 81 | Q11: 15.9 | R11: =Q11*0.93 -> 14.787 | S11: 13.85 | T11: =Q11*1.25 -> 19.875 | U11: =Q11*1.5 -> 23.85 | V11: =Q11*2 -> 31.8 | W11: =H11-(H11*0.07) -> 15.803141 | X11: 15.65 | Y11: =(X11-H11)/H11 -> -0.079012212 | Z11: =F11/F$19 -> 0.054953481 | AB11: 45720 | AC11: 94
A12: OKLO | B12: Long | C12: Oklo | D12: 1255.3625 | E12: 25.24 | F12: =E12*D12 -> 31685.349 | G12: 37884.65 | H12: =G12/D12 -> 30.178255 | I12: =F12-G12 -> -6199.3005 | J12: =E12-H12 -> -4.9382553 | K12: 45663 | L12: =DAYS360(K12,$C$1) -> 4 | M12: =(I12/G12) -> -0.16363621 | N12: 9 | O12: 98 | P12: 7 | Q12: 24.99 | R12: =Q12*0.93 -> 23.2407 | S12: 20.3 | T12: =Q12*1.25 -> 31.2375 | U12: =Q12*1.5 -> 37.485 | V12: =Q12*2 -> 49.98 | W12: =H12-(H12*0.07) -> 28.065777 | X12: 23 | Y12: =(X12-H12)/H12 -> -0.23786184 | Z12: =F12/F$19 -> 0.043169343 | AB12: 45713 | AC12: 69
A13: GEV | B13: Long | C13: GE Vernova | D13: 201.9693 | E13: 367.1 | F13: =E13*D13 -> 74142.93 | G13: 74438.86 | H13: =G13/D13 -> 368.56522 | I13: =F13-G13 -> -295.92997 | J13: =E13-H13 -> -1.4652225 | K13: 45664 | L13: =DAYS360(K13,$C$1) -> 3 | M13: =(I13/G13) -> -0.0039754769 | N13: 9 | O13: 98 | P13: 61 | Q13: 354.69 | R13: =Q13*0.93 -> 329.8617 | S13: 348.2 | T13: =Q13*1.25 -> 443.3625 | U13: =Q13*1.5 -> 532.035 | V13: =Q13*2 -> 709.38 | W13: =H13-(H13*0.07) -> 342.76566 | X13: 345 | Y13: =(X13-H13)/H13 -> -0.063937727 | Z13: =F13/F$19 -> 0.10101519 | AB13: 45679 | AC13: 92
F14: =E14*D14 -> 0 | H14: =G14/D14 -> #DIV/0! | I14: =F14-G14 -> 0 | J14: =E14-H14 -> #DIV/0! | L14: =DAYS360(K14,$C$1) -> 45010 | M14: =(I14/G14) -> #DIV/0! | R14: =Q14*0.93 -> 0 | T14: =Q14*1.25 -> 0 | U14: =Q14*1.5 -> 0 | V14: =Q14*2 -> 0 | W14: =H14-(H14*0.07) -> #DIV/0! | Y14: =(X14-H14)/H14 -> #DIV/0! | Z14: =F14/F$19 -> 0
F15: =E15*D15 -> 0 | H15: =G15/D15 -> #DIV/0! | I15: =F15-G15 -> 0 | J15: =E15-H15 -> #DIV/0! | L15: =DAYS360(K15,$C$1) -> 45010 | M15: =(I15/G15) -> #DIV/0! | R15: =Q15*0.93 -> 0 | T15: =Q15*1.25 -> 0 | U15: =Q15*1.5 -> 0 | V15: =Q15*2 -> 0 | W15: =H15-(H15*0.07) -> #DIV/0! | Y15: =(X15-H15)/H15 -> #DIV/0! | Z15: =F15/F$19 -> 0
F16: =E16*D16 -> 0 | H16: =G16/D16 -> #DIV/0! | I16: =F16-G16 -> 0 | J16: =E16-H16 -> #DIV/0! | L16: =DAYS360(K16,$C$1) -> 45010 | M16: =(I16/G16) -> #DIV/0! | R16: =Q16*0.93 -> 0 | T16: =Q16*1.25 -> 0 | U16: =Q16*1.5 -> 0 | V16: =Q16*2 -> 0 | W16: =H16-(H16*0.07) -> #DIV/0! | Y16: =(X16-H16)/H16 -> #DIV/0! | Z16: =F16/F$19 -> 0
A17: Sub-Total | F17: =SUM(F6:F16) -> 421767.03 | G17: =SUM(G6:G16) -> 353958.88 | I17: =SUM(I6:I16) -> 67808.146
D18: Cash, other | F18: 312211 | G18: =F18/F19 -> 0.42536832
D19: Total | F19: =SUM(F17:F18) -> 733978.03 | K19: Control acct (Doug's IRA) | M19: Today
H20: Last week's close | I20: ='01-03-25'!F19 -> 750484.47 | K20: 45657 | L20: 170762 | M20: 170621
H21: Week's change | I21: =(F19-I20)/I20 -> -0.02199438 | K21: chg % | L21: =(M20-L20)/L20 -> -0.00082571064
M23: days
A24: 2025 Closed Trades - Managed Acct | D24: Qty | E24: Cost/sh | F24: $ cost | G24: $Proc | H24: Proc/sh | I24: Profit/loss | J24: % | K24: Date purch | L24: Date sold | M24: held | P24: Comments
A25: APH | B25: Long | C25: Amphenol | D25: 935.0369 | E25: =F25/D25 -> 72.335006 | F25: 67635.9 | G25: 64699.88 | H25: =G25/D25 -> 69.195002 | I25: =G25-F25 -> -2936.02 | J25: =I25/F25 -> -0.043409195 | K25: 45609 | L25: 45659 | M25: =DAYS360(K25,L25) -> 49
A26: SQ | B26: Long | C26: Block | D26: 653.8238 | E26: =F26/D26 -> 90.119203 | F26: 58922.08 | G26: 54094.08 | H26: =G26/D26 -> 82.734951 | I26: =G26-F26 -> -4828 | J26: =I26/F26 -> -0.081938723 | K26: 45660 | L26: 45667 | M26: =DAYS360(K26,L26) -> 7
I35: =SUM(I25:I34) -> -7764.02 | J35: Avg
H36: # of losses | I36: 2 | J36: -0.0627
H37: # of wins | I37: 0 | J37: 0

Sheet 01-17-25
C1: 45674
C3: MANAGED ACCT | X3: Current | AC3: IBD
H4: Cost | J4: P/L | N4: Group | P4: EPS | R4: pivot | S4: last | W4: cost | X4: Stop | Y4: Stop | Z4: % | AB4: EPS | AC4: Comp
A5: Symbol | B5: Position | C5: Name | D5: Qty | E5: Current | F5: Value | G5: Cost | H5: per share | I5: P/L $ | J5: per sh | K5: Date purch | L5: days held | M5: % incr | N5: Rank | O5: RS | P5: RS | Q5: pivot | R5: -0.07 | S5: low | T5: 0.25 | U5: 0.5 | V5: 1 | W5: -0.07 | X5: Loss | Y5: Loss% | Z5: of port | AB5: Due | AC5: Rank
A7: ONON | B7: Long | C7: On Holding | D7: 1263.7796 | E7: 57.98 | F7: =E7*D7 -> 73273.941 | G7: 56489.42 | H7: =G7/D7 -> 44.698791 | I7: =F7-G7 -> 16784.521 | J7: =E7-H7 -> 13.281209 | K7: 45527 | L7: =DAYS360(K7,$C$1) -> 144 | M7: =(I7/G7) -> 0.29712681 | N7: 92 | O7: 94 | P7: 89 | Q7: 43.2 | R7: =Q7*0.93 -> 40.176 | S7: 53.08 | T7: =Q7*1.25 -> 54 | U7: =Q7*1.5 -> 64.8 | V7: =Q7*2 -> 86.4 | W7: =H7-(H7*0.07) -> 41.569875 | X7: 51 | Y7: =(X7-H7)/H7 -> 0.14097046 | Z7: =F7/F$19 -> 0.09484278 | AB7: 45729 | AC7: 97
A8: TILE | B8: Long | C8: Interface | D8: 3020.3486 | E8: 24.01 | F8: =E8*D8 -> 72518.57 | G8: 56486.59 | H8: =G8/D8 -> 18.70201 | I8: =F8-G8 -> 16031.98 | J8: =E8-H8 -> 5.3079899 | K8: 45527 | L8: =DAYS360(K8,$C$1) -> 144 | M8: =(I8/G8) -> 0.28381922 | N8: 117 | O8: 93 | P8: 86 | Q8: 17.86 | R8: =Q8*0.93 -> 16.6098 | S8: 22.11 | T8: =Q8*1.25 -> 22.325 | U8: =Q8*1.5 -> 26.79 | V8: =Q8*2 -> 35.72 | W8: =H8-(H8*0.07) -> 17.392869 | X8: 22 | Y8: =(X8-H8)/H8 -> 0.17634414 | Z8: =F8/F$19 -> 0.093865059 | AB8: 45720 | AC8: 87
A9: MSTR | B9: Long | C9: Microstrategy | D9: =341.2204-83.2121 -> 258.0083 | E9: 396.5 | F9: =E9*D9 -> 102300.29 | G9: =71012.62-17317.27 -> 53695.35 | H9: =G9/D9 -> 208.11482 | I9: =F9-G9 -> 48604.941 | J9: =E9-H9 -> 188.38518 | K9: 45580 | L9: =DAYS360(K9,$C$1) -> 92 | M9: =(I9/G9) -> 0.90519833 | N9: 21 | O9: 99 | P9: 4 | Q9: 183.7 | R9: =Q9*0.93 -> 170.841 | S9: 285.01 | T9: =Q9*1.25 -> 229.625 | U9: =Q9*1.5 -> 275.55 | V9: =Q9*2 -> 367.4 | W9: =H9-(H9*0.07) -> 193.54678 | X9: 335 | Y9: =(X9-H9)/H9 -> 0.60968837 | Z9: =F9/F$19 -> 0.1324133 | AB9: 45692 | AC9: 67
A10: IBIT | B10: Long | C10: iShares Bitcoin | D10: 939.2424 | E10: 59.62 | F10: =E10*D10 -> 55997.632 | G10: 36992.18 | H10: =G10/D10 -> 39.385126 | I10: =F10-G10 -> 19005.452 | J10: =E10-H10 -> 20.234874 | K10: 45593 | L10: =DAYS360(K10,$C$1) -> 79 | M10: =(I10/G10) -> 0.51376945 | O10: 96 | P10: - | Q10: 39.37 | R10: =Q10*0.93 -> 36.6141 | S10: 51.54 | T10: =Q10*1.25 -> 49.2125 | U10: =Q10*1.5 -> 59.055 | V10: =Q10*2 -> 78.74 | W10: =H10-(H10*0.07) -> 36.628167 | X10: 50 | Y10: =(X10-H10)/H10 -> 0.2695148 | Z10: =F10/F$19 -> 0.072481035
A11: AXGN | B11: Long | C11: Axogen | D11: 2234.6065 | E11: 18.09 | F11: =E11*D11 -> 40424.032 | G11: 37971.83 | H11: =G11/D11 -> 16.992625 | I11: =F11-G11 -> 2452.2016 | J11: =E11-H11 -> 1.0973751 | K11: 45652 | L11: =DAYS360(K11,$C$1) -> 21 | M11: =(I11/G11) -> 0.064579494 | N11: 49 | O11: 97 | P11: 81 | Q11: 15.9 | R11: =Q11*0.93 -> 14.787 | S11: 14 | T11: =Q11*1.25 -> 19.875 | U11: =Q11*1.5 -> 23.85 | V11: =Q11*2 -> 31.8 | W11: =H11-(H11*0.07) -> 15.803141 | X11: 15.65 | Y11: =(X11-H11)/H11 -> -0.079012212 | Z11: =F11/F$19 -> 0.052323206 | AB11: 45720 | AC11: 94
A12: OKLO | B12: Long | C12: Oklo | D12: 1255.3625 | E12: 26.05 | F12: =E12*D12 -> 32702.193 | G12: 37884.65 | H12: =G12/D12 -> 30.178255 | I12: =F12-G12 -> -5182.4569 | J12: =E12-H12 -> -4.1282553 | K12: 45663 | L12: =DAYS360(K12,$C$1) -> 11 | M12: =(I12/G12) -> -0.13679569 | N12: 3 | O12: 98 | P12: 6 | Q12: 24.99 | R12: =Q12*0.93 -> 23.2407 | S12: 21.5 | T12: =Q12*1.25 -> 31.2375 | U12: =Q12*1.5 -> 37.485 | V12: =Q12*2 -> 49.98 | W12: =H12-(H12*0.07) -> 28.065777 | X12: 23 | Y12: =(X12-H12)/H12 -> -0.23786184 | Z12: =F12/F$19 -> 0.042328376 | AB12: 45713 | AC12: 69
A13: GEV | B13: Long | C13: GE Vernova | D13: 201.9693 | E13: 401.41 | F13: =E13*D13 -> 81072.497 | G13: 74438.86 | H13: =G13/D13 -> 368.56522 | I13: =F13-G13 -> 6633.6367 | J13: =E13-H13 -> 32.844777 | K13: 45664 | L13: =DAYS360(K13,$C$1) -> 10 | M13: =(I13/G13) -> 0.089115238 | N13: 3 | O13: 98 | P13: 61 | Q13: 354.69 | R13: =Q13*0.93 -> 329.8617 | S13: 348.2 | T13: =Q13*1.25 -> 443.3625 | U13: =Q13*1.5 -> 532.035 | V13: =Q13*2 -> 709.38 | W13: =H13-(H13*0.07) -> 342.76566 | X13: 345 | Y13: =(X13-H13)/H13 -> -0.063937727 | Z13: =F13/F$19 -> 0.10493691 | AB13: 45679 | AC13: 91
A14: AGX | B14: Long | C14: Argan | D14: 347.7531 | E14: 177.89 | F14: =E14*D14 -> 61861.799 | G14: 59492.79 | H14: =G14/D14 -> 171.07767 | I14: =F14-G14 -> 2369.009 | J14: =E14-H14 -> 6.8123302 | K14: 45671 | L14: =DAYS360(K14,$C$1) -> 3 | M14: =(I14/G14) -> 0.039820102 | N14: 9 | O14: 98 | P14: 98 | Q14: 165.33 | R14: =Q14*0.93 -> 153.7569 | S14: 141.02 | T14: =Q14*1.25 -> 206.6625 | U14: =Q14*1.5 -> 247.995 | V14: =Q14*2 -> 330.66 | W14: =H14-(H14*0.07) -> 159.10223 | X14: 159 | Y14: =(X14-H14)/H14 -> -0.070597582 | Z14: =F14/F$19 -> 0.080071372 | AB14: 45756 | AC14: 99
A15: PSTG | B15: Long | C15: Pure Storage | D15: 675.2982 | E15: 66.3 | F15: =E15*D15 -> 44772.271 | G15: 45046.15 | H15: =G15/D15 -> 66.705568 | I15: =F15-G15 -> -273.87934 | J15: =E15-H15 -> -0.405568 | K15: 45673 | L15: =DAYS360(K15,$C$1) -> 1 | M15: =(I15/G15) -> -0.0060799722 | N15: 126 | O15: 88 | P15: 90 | Q15: 67.95 | R15: =Q15*0.93 -> 63.1935 | S15: 60.62 | T15: =Q15*1.25 -> 84.9375 | U15: =Q15*1.5 -> 101.925 | V15: =Q15*2 -> 135.9 | W15: =H15-(H15*0.07) -> 62.036178 | X15: 62 | Y15: =(X15-H15)/H15 -> -0.070542357 | Z15: =F15/F$19 -> 0.057951389 | AB15: 45714 | AC15: 90
F16: =E16*D16 -> 0 | H16: =G16/D16 -> #DIV/0! | I16: =F16-G16 -> 0 | J16: =E16-H16 -> #DIV/0! | L16: =DAYS360(K16,$C$1) -> 45017 | M16: =(I16/G16) -> #DIV/0! | R16: =Q16*0.93 -> 0 | T16: =Q16*1.25 -> 0 | U16: =Q16*1.5 -> 0 | V16: =Q16*2 -> 0 | W16: =H16-(H16*0.07) -> #DIV/0! | Y16: =(X16-H16)/H16 -> #DIV/0! | Z16: =F16/F$19 -> 0
A17: Sub-Total | F17: =SUM(F6:F16) -> 564923.22 | G17: =SUM(G6:G16) -> 458497.82 | I17: =SUM(I6:I16) -> 106425.4
D18: Cash, other | F18: 207660 | G18: =F18/F19 -> 0.26878658
D19: Total | F19: =SUM(F17:F18) -> 772583.22 | K19: Control acct (Doug's IRA) | M19: Today
H20: Last week's close | I20: ='01-10-25'!F19 -> 733978.03 | K20: 45657 | L20: 170762 | M20: 180122
H21: Week's change | I21: =(F19-I20)/I20 -> 0.052597213 | K21: chg % | L21: =(M20-L20)/L20 -> 0.054813132
M23: days
A24: 2025 Closed Trades - Managed Acct | D24: Qty | E24: Cost/sh | F24: $ cost | G24: $Proc | H24: Proc/sh | I24: Profit/loss | J24: % | K24: Date purch | L24: Date sold | M24: held | P24: Comments
A25: APH | B25: Long | C25: Amphenol | D25: 935.0369 | E25: =F25/D25 -> 72.335006 | F25: 67635.9 | G25: 64699.88 | H25: =G25/D25 -> 69.195002 | I25: =G25-F25 -> -2936.02 | J25: =I25/F25 -> -0.043409195 | K25: 45609 | L25: 45659 | M25: =DAYS360(K25,L25) -> 49
A26: SQ | B26: Long | C26: Block | D26: 653.8238 | E26: =F26/D26 -> 90.119203 | F26: 58922.08 | G26: 54094.08 | H26: =G26/D26 -> 82.734951 | I26: =G26-F26 -> -4828 | J26: =I26/F26 -> -0.081938723 | K26: 45660 | L26: 45667 | M26: =DAYS360(K26,L26) -> 7
I35: =SUM(I25:I34) -> -7764.02 | J35: Avg
H36: # of losses | I36: 2 | J36: -0.0627
H37: # of wins | I37: 0 | J37: 0

Sheet 01-24-25
C1: 45681
C3: MANAGED ACCT | X3: Current | AC3: IBD
H4: Cost | J4: P/L | N4: Group | P4: EPS | R4: pivot | S4: last | W4: cost | X4: Stop | Y4: Stop | Z4: % | AB4: EPS | AC4: Comp
A5: Symbol | B5: Position | C5: Name | D5: Qty | E5: Current | F5: Value | G5: Cost | H5: per share | I5: P/L $ | J5: per sh | K5: Date purch | L5: days held | M5: % incr | N5: Rank | O5: RS | P5: RS | Q5: pivot | R5: -0.07 | S5: low | T5: 0.25 | U5: 0.5 | V5: 1 | W5: -0.07 | X5: Loss | Y5: Loss% | Z5: of port | AB5: Due | AC5: Rank
A7: ONON | B7: Long | C7: On Holding | D7: 1263.7796 | E7: 60.15 | F7: =E7*D7 -> 76016.343 | G7: 56489.42 | H7: =G7/D7 -> 44.698791 | I7: =F7-G7 -> 19526.923 | J7: =E7-H7 -> 15.451209 | K7: 45527 | L7: =DAYS360(K7,$C$1) -> 151 | M7: =(I7/G7) -> 0.34567399 | N7: 58 | O7: 95 | P7: 89 | Q7: 43.2 | R7: =Q7*0.93 -> 40.176 | S7: 53.08 | T7: =Q7*1.25 -> 54 | U7: =Q7*1.5 -> 64.8 | V7: =Q7*2 -> 86.4 | W7: =H7-(H7*0.07) -> 41.569875 | X7: 51 | Y7: =(X7-H7)/H7 -> 0.14097046 | Z7: =F7/F$19 -> 0.09598834 | AB7: 45729 | AC7: 99
A8: TILE | B8: Long | C8: Interface | D8: 3020.3486 | E8: 24.47 | F8: =E8*D8 -> 73907.93 | G8: 56486.59 | H8: =G8/D8 -> 18.70201 | I8: =F8-G8 -> 17421.34 | J8: =E8-H8 -> 5.7679899 | K8: 45527 | L8: =DAYS360(K8,$C$1) -> 151 | M8: =(I8/G8) -> 0.30841551 | N8: 103 | O8: 93 | P8: 86 | Q8: 17.86 | R8: =Q8*0.93 -> 16.6098 | S8: 22.11 | T8: =Q8*1.25 -> 22.325 | U8: =Q8*1.5 -> 26.79 | V8: =Q8*2 -> 35.72 | W8: =H8-(H8*0.07) -> 17.392869 | X8: 22 | Y8: =(X8-H8)/H8 -> 0.17634414 | Z8: =F8/F$19 -> 0.093325978 | AB8: 45720 | AC8: 88
A9: MSTR | B9: Long | C9: Microstrategy | D9: =341.2204-83.2121 -> 258.0083 | E9: 353.67 | F9: =E9*D9 -> 91249.795 | G9: =71012.62-17317.27 -> 53695.35 | H9: =G9/D9 -> 208.11482 | I9: =F9-G9 -> 37554.445 | J9: =E9-H9 -> 145.55518 | K9: 45580 | L9: =DAYS360(K9,$C$1) -> 99 | M9: =(I9/G9) -> 0.69939847 | N9: 20 | O9: 99 | P9: 4 | Q9: 183.7 | R9: =Q9*0.93 -> 170.841 | S9: 285.01 | T9: =Q9*1.25 -> 229.625 | U9: =Q9*1.5 -> 275.55 | V9: =Q9*2 -> 367.4 | W9: =H9-(H9*0.07) -> 193.54678 | X9: 335 | Y9: =(X9-H9)/H9 -> 0.60968837 | Z9: =F9/F$19 -> 0.11522412 | AB9: 45693 | AC9: 65
A10: IBIT | B10: Long | C10: iShares Bitcoin | D10: =939.2424+388.9544 -> 1328.1968 | E10: 59.7 | F10: =E10*D10 -> 79293.349 | G10: =36992.18+23418.77 -> 60410.95 | H10: =G10/D10 -> 45.483433 | I10: =F10-G10 -> 18882.399 | J10: =E10-H10 -> 14.216567 | K10: 45593 | L10: =DAYS360(K10,$C$1) -> 86 | M10: =(I10/G10) -> 0.31256583 | O10: 96 | P10: - | Q10: 61.08 | R10: =Q10*0.93 -> 56.8044 | S10: 51.54 | T10: =Q10*1.25 -> 76.35 | U10: =Q10*1.5 -> 91.62 | V10: =Q10*2 -> 122.16 | W10: =H10-(H10*0.07) -> 42.299593 | X10: 53 | Y10: =(X10-H10)/H10 -> 0.16525945 | Z10: =F10/F$19 -> 0.10012632
A11: AXGN | B11: Long | C11: Axogen | D11: 2234.6065 | E11: 18.14 | F11: =E11*D11 -> 40535.762 | G11: 37971.83 | H11: =G11/D11 -> 16.992625 | I11: =F11-G11 -> 2563.9319 | J11: =E11-H11 -> 1.1473751 | K11: 45652 | L11: =DAYS360(K11,$C$1) -> 28 | M11: =(I11/G11) -> 0.067521947 | N11: 45 | O11: 97 | P11: 81 | Q11: 15.9 | R11: =Q11*0.93 -> 14.787 | S11: 14 | T11: =Q11*1.25 -> 19.875 | U11: =Q11*1.5 -> 23.85 | V11: =Q11*2 -> 31.8 | W11: =H11-(H11*0.07) -> 15.803141 | X11: 15.65 | Y11: =(X11-H11)/H11 -> -0.079012212 | Z11: =F11/F$19 -> 0.051185842 | AB11: 45720 | AC11: 93
A12: OKLO | B12: Long | C12: Oklo | D12: 1255.3625 | E12: 41.82 | F12: =E12*D12 -> 52499.26 | G12: 37884.65 | H12: =G12/D12 -> 30.178255 | I12: =F12-G12 -> 14614.61 | J12: =E12-H12 -> 11.641745 | K12: 45663 | L12: =DAYS360(K12,$C$1) -> 18 | M12: =(I12/G12) -> 0.385766 | N12: 2 | O12: 99 | P12: 6 | Q12: 24.99 | R12: =Q12*0.93 -> 23.2407 | S12: 21.5 | T12: =Q12*1.25 -> 31.2375 | U12: =Q12*1.5 -> 37.485 | V12: =Q12*2 -> 49.98 | W12: =H12-(H12*0.07) -> 28.065777 | X12: 32 | Y12: =(X12-H12)/H12 -> 0.060366138 | Z12: =F12/F$19 -> 0.066292545 | AB12: 45713 | AC12: 76
A13: GEV | B13: Long | C13: GE Vernova | D13: 201.9693 | E13: 420.49 | F13: =E13*D13 -> 84926.071 | G13: 74438.86 | H13: =G13/D13 -> 368.56522 | I13: =F13-G13 -> 10487.211 | J13: =E13-H13 -> 51.924777 | K13: 45664 | L13: =DAYS360(K13,$C$1) -> 17 | M13: =(I13/G13) -> 0.14088355 | N13: 2 | O13: 98 | P13: 67 | Q13: 354.69 | R13: =Q13*0.93 -> 329.8617 | S13: 348.2 | T13: =Q13*1.25 -> 443.3625 | U13: =Q13*1.5 -> 532.035 | V13: =Q13*2 -> 709.38 | W13: =H13-(H13*0.07) -> 342.76566 | X13: 375 | Y13: =(X13-H13)/H13 -> 0.017458993 | Z13: =F13/F$19 -> 0.10723895 | AB13: 45771 | AC13: 94
A14: AGX | B14: Long | C14: Argan | D14: =347.7531+131.6951 -> 479.4482 | E14: 168.54 | F14: =E14*D14 -> 80806.2 | G14: =59492.79+21969.78 -> 81462.57 | H14: =G14/D14 -> 169.90901 | I14: =F14-G14 -> -656.37037 | J14: =E14-H14 -> -1.3690121 | K14: 45671 | L14: =DAYS360(K14,$C$1) -> 10 | M14: =(I14/G14) -> -0.0080573246 | N14: 11 | O14: 98 | P14: 98 | Q14: 165.33 | R14: =Q14*0.93 -> 153.7569 | S14: 141.02 | T14: =Q14*1.25 -> 206.6625 | U14: =Q14*1.5 -> 247.995 | V14: =Q14*2 -> 330.66 | W14: =H14-(H14*0.07) -> 158.01538 | X14: 159 | Y14: =(X14-H14)/H14 -> -0.064205023 | Z14: =F14/F$19 -> 0.10203665 | AB14: 45756 | AC14: 99
A15: PSTG | B15: Long | C15: Pure Storage | D15: =675.2982+456.8207 -> 1132.1189 | E15: 72.15 | F15: =E15*D15 -> 81682.379 | G15: =45046.15+31240.53 -> 76286.68 | H15: =G15/D15 -> 67.383982 | I15: =F15-G15 -> 5395.6986 | J15: =E15-H15 -> 4.7660176 | K15: 45673 | L15: =DAYS360(K15,$C$1) -> 8 | M15: =(I15/G15) -> 0.070729237 | N15: 95 | O15: 91 | P15: 90 | Q15: 67.95 | R15: =Q15*0.93 -> 63.1935 | S15: 60.62 | T15: =Q15*1.25 -> 84.9375 | U15: =Q15*1.5 -> 101.925 | V15: =Q15*2 -> 135.9 | W15: =H15-(H15*0.07) -> 62.667104 | X15: 64 | Y15: =(X15-H15)/H15 -> -0.050219388 | Z15: =F15/F$19 -> 0.10314303 | AB15: 45714 | AC15: 92
F16: =E16*D16 -> 0 | H16: =G16/D16 -> #DIV/0! | I16: =F16-G16 -> 0 | J16: =E16-H16 -> #DIV/0! | L16: =DAYS360(K16,$C$1) -> 45024 | M16: =(I16/G16) -> #DIV/0! | R16: =Q16*0.93 -> 0 | T16: =Q16*1.25 -> 0 | U16: =Q16*1.5 -> 0 | V16: =Q16*2 -> 0 | W16: =H16-(H16*0.07) -> #DIV/0! | Y16: =(X16-H16)/H16 -> #DIV/0! | Z16: =F16/F$19 -> 0
A17: Sub-Total | F17: =SUM(F6:F16) -> 660917.09 | G17: =SUM(G6:G16) -> 535126.9 | I17: =SUM(I6:I16) -> 125790.19
D18: Cash, other | F18: 131016 | G18: =F18/F19 -> 0.16543822
D19: Total | F19: =SUM(F17:F18) -> 791933.09 | K19: Control acct (Doug's IRA) | M19: Today
H20: Last week's close | I20: ='01-17-25'!F19 -> 772583.22 | K20: 45657 | L20: 170762 | M20: 184611
H21: Week's change | I21: =(F19-I20)/I20 -> 0.025045669 | K21: chg % | L21: =(M20-L20)/L20 -> 0.081101182
M23: days
A24: 2025 Closed Trades - Managed Acct | D24: Qty | E24: Cost/sh | F24: $ cost | G24: $Proc | H24: Proc/sh | I24: Profit/loss | J24: % | K24: Date purch | L24: Date sold | M24: held | P24: Comments
A25: APH | B25: Long | C25: Amphenol | D25: 935.0369 | E25: =F25/D25 -> 72.335006 | F25: 67635.9 | G25: 64699.88 | H25: =G25/D25 -> 69.195002 | I25: =G25-F25 -> -2936.02 | J25: =I25/F25 -> -0.043409195 | K25: 45609 | L25: 45659 | M25: =DAYS360(K25,L25) -> 49
A26: SQ | B26: Long | C26: Block | D26: 653.8238 | E26: =F26/D26 -> 90.119203 | F26: 58922.08 | G26: 54094.08 | H26: =G26/D26 -> 82.734951 | I26: =G26-F26 -> -4828 | J26: =I26/F26 -> -0.081938723 | K26: 45660 | L26: 45667 | M26: =DAYS360(K26,L26) -> 7
I35: =SUM(I25:I34) -> -7764.02 | J35: Avg
H36: # of losses | I36: 2 | J36: -0.0627
H37: # of wins | I37: 0 | J37: 0

Sheet 01-31-25
C1: 45688
C3: MANAGED ACCT | X3: Current | AC3: IBD
H4: Cost | J4: P/L | N4: Group | P4: EPS | R4: pivot | S4: last | W4: cost | X4: Stop | Y4: Stop | Z4: % | AB4: EPS | AC4: Comp
A5: Symbol | B5: Position | C5: Name | D5: Qty | E5: Current | F5: Value | G5: Cost | H5: per share | I5: P/L $ | J5: per sh | K5: Date purch | L5: days held | M5: % incr | N5: Rank | O5: RS | P5: RS | Q5: pivot | R5: -0.07 | S5: low | T5: 0.25 | U5: 0.5 | V5: 1 | W5: -0.07 | X5: Loss | Y5: Loss% | Z5: of port | AB5: Due | AC5: Rank
A7: TILE | B7: Long | C7: Interface | D7: 3020.3486 | E7: 24.76 | F7: =E7*D7 -> 74783.831 | G7: 56486.59 | H7: =G7/D7 -> 18.70201 | I7: =F7-G7 -> 18297.241 | J7: =E7-H7 -> 6.0579899 | K7: 45527 | L7: =DAYS360(K7,$C$1) -> 158 | M7: =(I7/G7) -> 0.32392186 | N7: 84 | O7: 94 | P7: 85 | Q7: 17.86 | R7: =Q7*0.93 -> 16.6098 | S7: 22.11 | T7: =Q7*1.25 -> 22.325 | U7: =Q7*1.5 -> 26.79 | V7: =Q7*2 -> 35.72 | W7: =H7-(H7*0.07) -> 17.392869 | X7: 22 | Y7: =(X7-H7)/H7 -> 0.17634414 | Z7: =F7/F$19 -> 0.099120339 | AB7: 45720 | AC7: 89
A8: MSTR | B8: Long | C8: Microstrategy | D8: =341.2204-83.2121 -> 258.0083 | E8: 334.79 | F8: =E8*D8 -> 86378.599 | G8: =71012.62-17317.27 -> 53695.35 | H8: =G8/D8 -> 208.11482 | I8: =F8-G8 -> 32683.249 | J8: =E8-H8 -> 126.67518 | K8: 45580 | L8: =DAYS360(K8,$C$1) -> 106 | M8: =(I8/G8) -> 0.60867931 | N8: 26 | O8: 99 | P8: 5 | Q8: 183.7 | R8: =Q8*0.93 -> 170.841 | S8: 285.01 | T8: =Q8*1.25 -> 229.625 | U8: =Q8*1.5 -> 275.55 | V8: =Q8*2 -> 367.4 | W8: =H8-(H8*0.07) -> 193.54678 | X8: 335 | Y8: =(X8-H8)/H8 -> 0.60968837 | Z8: =F8/F$19 -> 0.11448833 | AB8: 45693 | AC8: 59
A9: IBIT | B9: Long | C9: iShares Bitcoin | D9: =939.2424+388.9544 -> 1328.1968 | E9: 57.71 | F9: =E9*D9 -> 76650.237 | G9: =36992.18+23418.77 -> 60410.95 | H9: =G9/D9 -> 45.483433 | I9: =F9-G9 -> 16239.287 | J9: =E9-H9 -> 12.226567 | K9: 45593 | L9: =DAYS360(K9,$C$1) -> 93 | M9: =(I9/G9) -> 0.26881364 | O9: 96 | P9: - | Q9: 61.08 | R9: =Q9*0.93 -> 56.8044 | S9: 51.54 | T9: =Q9*1.25 -> 76.35 | U9: =Q9*1.5 -> 91.62 | V9: =Q9*2 -> 122.16 | W9: =H9-(H9*0.07) -> 42.299593 | X9: 53 | Y9: =(X9-H9)/H9 -> 0.16525945 | Z9: =F9/F$19 -> 0.10159412
A10: AXGN | B10: Long | C10: Axogen | D10: 2234.6065 | E10: 18.21 | F10: =E10*D10 -> 40692.184 | G10: 37971.83 | H10: =G10/D10 -> 16.992625 | I10: =F10-G10 -> 2720.3544 | J10: =E10-H10 -> 1.2173751 | K10: 45652 | L10: =DAYS360(K10,$C$1) -> 35 | M10: =(I10/G10) -> 0.071641382 | N10: 44 | O10: 97 | P10: 81 | Q10: 15.9 | R10: =Q10*0.93 -> 14.787 | S10: 14 | T10: =Q10*1.25 -> 19.875 | U10: =Q10*1.5 -> 23.85 | V10: =Q10*2 -> 31.8 | W10: =H10-(H10*0.07) -> 15.803141 | X10: 15.65 | Y10: =(X10-H10)/H10 -> -0.079012212 | Z10: =F10/F$19 -> 0.053934427 | AB10: 45720 | AC10: 93
A11: OKLO | B11: Long | C11: Oklo | D11: 1255.3625 | E11: 41.61 | F11: =E11*D11 -> 52235.634 | G11: 37884.65 | H11: =G11/D11 -> 30.178255 | I11: =F11-G11 -> 14350.984 | J11: =E11-H11 -> 11.431745 | K11: 45663 | L11: =DAYS360(K11,$C$1) -> 25 | M11: =(I11/G11) -> 0.37880734 | N11: 2 | O11: 99 | P11: 7 | Q11: 24.99 | R11: =Q11*0.93 -> 23.2407 | S11: 29.06 | T11: =Q11*1.25 -> 31.2375 | U11: =Q11*1.5 -> 37.485 | V11: =Q11*2 -> 49.98 | W11: =H11-(H11*0.07) -> 28.065777 | X11: 32 | Y11: =(X11-H11)/H11 -> 0.060366138 | Z11: =F11/F$19 -> 0.0692344 | AB11: 45713 | AC11: 75
A12: GEV | B12: Long | C12: GE Vernova | D12: 201.9693 | E12: 372.88 | F12: =E12*D12 -> 75310.313 | G12: 74438.86 | H12: =G12/D12 -> 368.56522 | I12: =F12-G12 -> 871.45258 | J12: =E12-H12 -> 4.3147775 | K12: 45664 | L12: =DAYS360(K12,$C$1) -> 24 | M12: =(I12/G12) -> 0.011706958 | N12: 2 | O12: 97 | P12: 66 | Q12: 354.69 | R12: =Q12*0.93 -> 329.8617 | S12: 348.2 | T12: =Q12*1.25 -> 443.3625 | U12: =Q12*1.5 -> 532.035 | V12: =Q12*2 -> 709.38 | W12: =H12-(H12*0.07) -> 342.76566 | X12: 375 | Y12: =(X12-H12)/H12 -> 0.017458993 | Z12: =F12/F$19 -> 0.09981815 | AB12: 45771 | AC12: 93
A13: PSTG | B13: Long | C13: Pure Storage | D13: =675.2982+456.8207 -> 1132.1189 | E13: 67.79 | F13: =E13*D13 -> 76746.34 | G13: =45046.15+31240.53 -> 76286.68 | H13: =G13/D13 -> 67.383982 | I13: =F13-G13 -> 459.66023 | J13: =E13-H13 -> 0.40601763 | K13: 45673 | L13: =DAYS360(K13,$C$1) -> 15 | M13: =(I13/G13) -> 0.0060254324 | N13: 88 | O13: 91 | P13: 90 | Q13: 67.95 | R13: =Q13*0.93 -> 63.1935 | S13: 60.62 | T13: =Q13*1.25 -> 84.9375 | U13: =Q13*1.5 -> 101.925 | V13: =Q13*2 -> 135.9 | W13: =H13-(H13*0.07) -> 62.667104 | X13: 64 | Y13: =(X13-H13)/H13 -> -0.050219388 | Z13: =F13/F$19 -> 0.1017215 | AB13: 45714 | AC13: 90
F14: =E14*D14 -> 0 | H14: =G14/D14 -> #DIV/0! | I14: =F14-G14 -> 0 | J14: =E14-H14 -> #DIV/0! | L14: =DAYS360(K14,$C$1) -> 45031 | M14: =(I14/G14) -> #DIV/0! | R14: =Q14*0.93 -> 0 | T14: =Q14*1.25 -> 0 | U14: =Q14*1.5 -> 0 | V14: =Q14*2 -> 0 | W14: =H14-(H14*0.07) -> #DIV/0! | Y14: =(X14-H14)/H14 -> #DIV/0! | Z14: =F14/F$19 -> 0
F15: =E15*D15 -> 0 | H15: =G15/D15 -> #DIV/0! | I15: =F15-G15 -> 0 | J15: =E15-H15 -> #DIV/0! | L15: =DAYS360(K15,$C$1) -> 45031 | M15: =(I15/G15) -> #DIV/0! | R15: =Q15*0.93 -> 0 | T15: =Q15*1.25 -> 0 | U15: =Q15*1.5 -> 0 | V15: =Q15*2 -> 0 | W15: =H15-(H15*0.07) -> #DIV/0! | Y15: =(X15-H15)/H15 -> #DIV/0! | Z15: =F15/F$19 -> 0
F16: =E16*D16 -> 0 | H16: =G16/D16 -> #DIV/0! | I16: =F16-G16 -> 0 | J16: =E16-H16 -> #DIV/0! | L16: =DAYS360(K16,$C$1) -> 45031 | M16: =(I16/G16) -> #DIV/0! | R16: =Q16*0.93 -> 0 | T16: =Q16*1.25 -> 0 | U16: =Q16*1.5 -> 0 | V16: =Q16*2 -> 0 | W16: =H16-(H16*0.07) -> #DIV/0! | Y16: =(X16-H16)/H16 -> #DIV/0! | Z16: =F16/F$19 -> 0
A17: Sub-Total | F17: =SUM(F6:F16) -> 482797.14 | G17: =SUM(G6:G16) -> 397174.91 | I17: =SUM(I6:I16) -> 85622.228
D18: Cash, other | F18: 271678 | G18: =F18/F19 -> 0.36008874
D19: Total | F19: =SUM(F17:F18) -> 754475.14 | K19: Control acct (Doug's IRA) | M19: Today
H20: Last week's close | I20: ='01-24-25'!F19 -> 791933.09 | K20: 45657 | L20: 170762 | M20: 175345
H21: Week's change | I21: =(F19-I20)/I20 -> -0.047299388 | K21: chg % | L21: =(M20-L20)/L20 -> 0.026838524
M23: days
A24: 2025 Closed Trades - Managed Acct | D24: Qty | E24: Cost/sh | F24: $ cost | G24: $Proc | H24: Proc/sh | I24: Profit/loss | J24: % | K24: Date purch | L24: Date sold | M24: held | P24: Comments
A25: APH | B25: Long | C25: Amphenol | D25: 935.0369 | E25: =F25/D25 -> 72.335006 | F25: 67635.9 | G25: 64699.88 | H25: =G25/D25 -> 69.195002 | I25: =G25-F25 -> -2936.02 | J25: =I25/F25 -> -0.043409195 | K25: 45609 | L25: 45659 | M25: =DAYS360(K25,L25) -> 49
A26: SQ | B26: Long | C26: Block | D26: 653.8238 | E26: =F26/D26 -> 90.119203 | F26: 58922.08 | G26: 54094.08 | H26: =G26/D26 -> 82.734951 | I26: =G26-F26 -> -4828 | J26: =I26/F26 -> -0.081938723 | K26: 45660 | L26: 45667 | M26: =DAYS360(K26,L26) -> 7
A27: ONON | B27: Long | C27: On Holding | D27: 1263.7796 | E27: =F27/D27 -> 44.698791 | F27: 56489.42 | G27: 75501.87 | H27: =G27/D27 -> 59.742909 | I27: =G27-F27 -> 19012.45 | J27: =I27/F27 -> 0.33656656 | K27: 45527 | L27: 45688 | M27: =DAYS360(K27,L27) -> 158
A28: AGX | B28: Long | C28: Argan | D28: =347.7531+131.6951 -> 479.4482 | E28: =F28/D28 -> 169.90901 | F28: =59492.79+21969.78 -> 81462.57 | G28: 65047.58 | H28: =G28/D28 -> 135.67176 | I28: =G28-F28 -> -16414.99 | J28: =I28/F28 -> -0.20150346 | K28: 45671 | L28: 45688 | M28: =DAYS360(K28,L28) -> 17
I35: =SUM(I25:I34) -> -5166.56 | J35: Avg
H36: # of losses | I36: 3 | J36: -0.1089
H37: # of wins | I37: 1 | J37: 0.3366

Sheet 02-07-25
C1: 45695
C3: MANAGED ACCT | X3: Current | AC3: IBD
H4: Cost | J4: P/L | N4: Group | P4: EPS | R4: pivot | S4: last | W4: cost | X4: Stop | Y4: Stop | Z4: % | AB4: EPS | AC4: Comp
A5: Symbol | B5: Position | C5: Name | D5: Qty | E5: Current | F5: Value | G5: Cost | H5: per share | I5: P/L $ | J5: per sh | K5: Date purch | L5: days held | M5: % incr | N5: Rank | O5: RS | P5: RS | Q5: pivot | R5: -0.07 | S5: low | T5: 0.25 | U5: 0.5 | V5: 1 | W5: -0.07 | X5: Loss | Y5: Loss% | Z5: of port | AB5: Due | AC5: Rank
A7: MSTR | B7: Long | C7: Microstrategy | D7: =341.2204-83.2121 -> 258.0083 | E7: 327.56 | F7: =E7*D7 -> 84513.199 | G7: =71012.62-17317.27 -> 53695.35 | H7: =G7/D7 -> 208.11482 | I7: =F7-G7 -> 30817.849 | J7: =E7-H7 -> 119.44518 | K7: 45580 | L7: =DAYS360(K7,$C$1) -> 112 | M7: =(I7/G7) -> 0.57393887 | N7: 27 | O7: 98 | P7: 4 | Q7: 183.7 | R7: =Q7*0.93 -> 170.841 | S7: 285.01 | T7: =Q7*1.25 -> 229.625 | U7: =Q7*1.5 -> 275.55 | V7: =Q7*2 -> 367.4 | W7: =H7-(H7*0.07) -> 193.54678 | X7: 335 | Y7: =(X7-H7)/H7 -> 0.60968837 | Z7: =F7/F$19 -> 0.11029424 | AB7: 45783 | AC7: 55
A8: IBIT | B8: Long | C8: iShares Bitcoin | D8: =939.2424+388.9544 -> 1328.1968 | E8: 54.47 | F8: =E8*D8 -> 72346.88 | G8: =36992.18+23418.77 -> 60410.95 | H8: =G8/D8 -> 45.483433 | I8: =F8-G8 -> 11935.93 | J8: =E8-H8 -> 8.9865671 | K8: 45593 | L8: =DAYS360(K8,$C$1) -> 99 | M8: =(I8/G8) -> 0.19757891 | O8: 94 | P8: - | Q8: 61.08 | R8: =Q8*0.93 -> 56.8044 | S8: 51.54 | T8: =Q8*1.25 -> 76.35 | U8: =Q8*1.5 -> 91.62 | V8: =Q8*2 -> 122.16 | W8: =H8-(H8*0.07) -> 42.299593 | X8: 53 | Y8: =(X8-H8)/H8 -> 0.16525945 | Z8: =F8/F$19 -> 0.094416544
A9: AXGN | B9: Long | C9: Axogen | D9: 2234.6065 | E9: 17.96 | F9: =E9*D9 -> 40133.533 | G9: 37971.83 | H9: =G9/D9 -> 16.992625 | I9: =F9-G9 -> 2161.7027 | J9: =E9-H9 -> 0.96737512 | K9: 45652 | L9: =DAYS360(K9,$C$1) -> 41 | M9: =(I9/G9) -> 0.056929117 | N9: 51 | O9: 97 | P9: 80 | Q9: 15.9 | R9: =Q9*0.93 -> 14.787 | S9: 14 | T9: =Q9*1.25 -> 19.875 | U9: =Q9*1.5 -> 23.85 | V9: =Q9*2 -> 31.8 | W9: =H9-(H9*0.07) -> 15.803141 | X9: 15.65 | Y9: =(X9-H9)/H9 -> -0.079012212 | Z9: =F9/F$19 -> 0.052376405 | AB9: 45720 | AC9: 93
A10: OKLO | B10: Long | C10: Oklo | D10: 1255.3625 | E10: 55.49 | F10: =E10*D10 -> 69660.065 | G10: 37884.65 | H10: =G10/D10 -> 30.178255 | I10: =F10-G10 -> 31775.415 | J10: =E10-H10 -> 25.311745 | K10: 45663 | L10: =DAYS360(K10,$C$1) -> 31 | M10: =(I10/G10) -> 0.83874116 | N10: 3 | O10: 99 | P10: 7 | Q10: 24.99 | R10: =Q10*0.93 -> 23.2407 | S10: 29.06 | T10: =Q10*1.25 -> 31.2375 | U10: =Q10*1.5 -> 37.485 | V10: =Q10*2 -> 49.98 | W10: =H10-(H10*0.07) -> 28.065777 | X10: 39 | Y10: =(X10-H10)/H10 -> 0.29232123 | Z10: =F10/F$19 -> 0.090910107 | AB10: 45713 | AC10: 79
A11: GEV | B11: Long | C11: GE Vernova | D11: 201.9693 | E11: 377.97 | F11: =E11*D11 -> 76338.336 | G11: 74438.86 | H11: =G11/D11 -> 368.56522 | I11: =F11-G11 -> 1899.4763 | J11: =E11-H11 -> 9.4047775 | K11: 45664 | L11: =DAYS360(K11,$C$1) -> 30 | M11: =(I11/G11) -> 0.025517268 | N11: 3 | O11: 97 | P11: 67 | Q11: 354.69 | R11: =Q11*0.93 -> 329.8617 | S11: 348.2 | T11: =Q11*1.25 -> 443.3625 | U11: =Q11*1.5 -> 532.035 | V11: =Q11*2 -> 709.38 | W11: =H11-(H11*0.07) -> 342.76566 | X11: 375 | Y11: =(X11-H11)/H11 -> 0.017458993 | Z11: =F11/F$19 -> 0.099625608 | AB11: 45771 | AC11: 93
A12: PSTG | B12: Long | C12: Pure Storage | D12: =675.2982+456.8207 -> 1132.1189 | E12: 69.07 | F12: =E12*D12 -> 78195.452 | G12: =45046.15+31240.53 -> 76286.68 | H12: =G12/D12 -> 67.383982 | I12: =F12-G12 -> 1908.7724 | J12: =E12-H12 -> 1.6860176 | K12: 45673 | L12: =DAYS360(K12,$C$1) -> 21 | M12: =(I12/G12) -> 0.025021045 | N12: 110 | O12: 90 | P12: 90 | Q12: 67.95 | R12: =Q12*0.93 -> 63.1935 | S12: 60.62 | T12: =Q12*1.25 -> 84.9375 | U12: =Q12*1.5 -> 101.925 | V12: =Q12*2 -> 135.9 | W12: =H12-(H12*0.07) -> 62.667104 | X12: 64 | Y12: =(X12-H12)/H12 -> -0.050219388 | Z12: =F12/F$19 -> 0.10204924 | AB12: 45714 | AC12: 89
A13: MTRX | B13: Long | C13: Matrix Service | D13: 1628.6374 | E13: 14.18 | F13: =E13*D13 -> 23094.078 | G13: 22621.18 | H13: =G13/D13 -> 13.889636 | I13: =F13-G13 -> 472.89833 | J13: =E13-H13 -> 0.29036441 | K13: 45692 | L13: =DAYS360(K13,$C$1) -> 3 | M13: =(I13/G13) -> 0.020905113 | N13: 73 | O13: 87 | P13: 10 | Q13: 13.58 | R13: =Q13*0.93 -> 12.6294 | S13: 13 | T13: =Q13*1.25 -> 16.975 | U13: =Q13*1.5 -> 20.37 | V13: =Q13*2 -> 27.16 | W13: =H13-(H13*0.07) -> 12.917361 | X13: 13 | Y13: =(X13-H13)/H13 -> -0.064050319 | Z13: =F13/F$19 -> 0.030139006 | AB13: 45784 | AC13: 56
A14: FTNT | B14: Long | C14: Fortinet | D14: 440.0298 | E14: 107.66 | F14: =E14*D14 -> 47373.608 | G14: 46412.71 | H14: =G14/D14 -> 105.47629 | I14: =F14-G14 -> 960.89827 | J14: =E14-H14 -> 2.1837118 | K14: 45695 | L14: =DAYS360(K14,$C$1) -> 0 | M14: =(I14/G14) -> 0.020703343 | N14: 31 | O14: 93 | P14: 99 | Q14: 101 | R14: =Q14*0.93 -> 93.93 | S14: 94.1 | T14: =Q14*1.25 -> 126.25 | U14: =Q14*1.5 -> 151.5 | V14: =Q14*2 -> 202 | W14: =H14-(H14*0.07) -> 98.092948 | X14: 99 | Y14: =(X14-H14)/H14 -> -0.061400418 | Z14: =F14/F$19 -> 0.06182509 | AB14: 45778 | AC14: 99
F15: =E15*D15 -> 0 | H15: =G15/D15 -> #DIV/0! | I15: =F15-G15 -> 0 | J15: =E15-H15 -> #DIV/0! | L15: =DAYS360(K15,$C$1) -> 45037 | M15: =(I15/G15) -> #DIV/0! | R15: =Q15*0.93 -> 0 | T15: =Q15*1.25 -> 0 | U15: =Q15*1.5 -> 0 | V15: =Q15*2 -> 0 | W15: =H15-(H15*0.07) -> #DIV/0! | Y15: =(X15-H15)/H15 -> #DIV/0! | Z15: =F15/F$19 -> 0
F16: =E16*D16 -> 0 | H16: =G16/D16 -> #DIV/0! | I16: =F16-G16 -> 0 | J16: =E16-H16 -> #DIV/0! | L16: =DAYS360(K16,$C$1) -> 45037 | M16: =(I16/G16) -> #DIV/0! | R16: =Q16*0.93 -> 0 | T16: =Q16*1.25 -> 0 | U16: =Q16*1.5 -> 0 | V16: =Q16*2 -> 0 | W16: =H16-(H16*0.07) -> #DIV/0! | Y16: =(X16-H16)/H16 -> #DIV/0! | Z16: =F16/F$19 -> 0
A17: Sub-Total | F17: =SUM(F6:F16) -> 491655.15 | G17: =SUM(G6:G16) -> 409722.21 | I17: =SUM(I6:I16) -> 81932.942
D18: Cash, other | F18: 274597 | G18: =F18/F19 -> 0.35836376
D19: Total | F19: =SUM(F17:F18) -> 766252.15 | K19: Control acct (Doug's IRA) | M19: Today
H20: Last week's close | I20: ='01-31-25'!F19 -> 754475.14 | K20: 45657 | L20: 170762 | M20: 178244
H21: Week's change | I21: =(F19-I20)/I20 -> 0.015609545 | K21: chg % | L21: =(M20-L20)/L20 -> 0.043815369
M23: days
A24: 2025 Closed Trades - Managed Acct | D24: Qty | E24: Cost/sh | F24: $ cost | G24: $Proc | H24: Proc/sh | I24: Profit/loss | J24: % | K24: Date purch | L24: Date sold | M24: held | P24: Comments
A25: APH | B25: Long | C25: Amphenol | D25: 935.0369 | E25: =F25/D25 -> 72.335006 | F25: 67635.9 | G25: 64699.88 | H25: =G25/D25 -> 69.195002 | I25: =G25-F25 -> -2936.02 | J25: =I25/F25 -> -0.043409195 | K25: 45609 | L25: 45659 | M25: =DAYS360(K25,L25) -> 49
A26: SQ | B26: Long | C26: Block | D26: 653.8238 | E26: =F26/D26 -> 90.119203 | F26: 58922.08 | G26: 54094.08 | H26: =G26/D26 -> 82.734951 | I26: =G26-F26 -> -4828 | J26: =I26/F26 -> -0.081938723 | K26: 45660 | L26: 45667 | M26: =DAYS360(K26,L26) -> 7
A27: ONON | B27: Long | C27: On Holding | D27: 1263.7796 | E27: =F27/D27 -> 44.698791 | F27: 56489.42 | G27: 75501.87 | H27: =G27/D27 -> 59.742909 | I27: =G27-F27 -> 19012.45 | J27: =I27/F27 -> 0.33656656 | K27: 45527 | L27: 45688 | M27: =DAYS360(K27,L27) -> 158
A28: AGX | B28: Long | C28: Argan | D28: =347.7531+131.6951 -> 479.4482 | E28: =F28/D28 -> 169.90901 | F28: =59492.79+21969.78 -> 81462.57 | G28: 65047.58 | H28: =G28/D28 -> 135.67176 | I28: =G28-F28 -> -16414.99 | J28: =I28/F28 -> -0.20150346 | K28: 45671 | L28: 45688 | M28: =DAYS360(K28,L28) -> 17
A29: TILE | B29: Long | C29: Interface | D29: 3020.3486 | E29: =F29/D29 -> 18.70201 | F29: 56486.59 | G29: 71124.88 | H29: =G29/D29 -> 23.548567 | I29: =G29-F29 -> 14638.29 | J29: =I29/F29 -> 0.25914629 | K29: 45527 | L29: 45691 | M29: =DAYS360(K29,L29) -> 160
I35: =SUM(I25:I34) -> 9471.73 | J35: Avg
H36: # of losses | I36: 3 | J36: -0.1089
H37: # of wins | I37: 2 | J37: 0.2979

Sheet 02-14-25
C1: 45702
C3: MANAGED ACCT | X3: Current | AC3: IBD
H4: Cost | J4: P/L | N4: Group | P4: EPS | R4: pivot | S4: last | W4: cost | X4: Stop | Y4: Stop | Z4: % | AB4: EPS | AC4: Comp
A5: Symbol | B5: Position | C5: Name | D5: Qty | E5: Current | F5: Value | G5: Cost | H5: per share | I5: P/L $ | J5: per sh | K5: Date purch | L5: days held | M5: % incr | N5: Rank | O5: RS | P5: RS | Q5: pivot | R5: -0.07 | S5: low | T5: 0.25 | U5: 0.5 | V5: 1 | W5: -0.07 | X5: Loss | Y5: Loss% | Z5: of port | AB5: Due | AC5: Rank
A7: MSTR | B7: Long | C7: Microstrategy | D7: =341.2204-83.2121 -> 258.0083 | E7: 339.51 | F7: =E7*D7 -> 87596.398 | G7: =71012.62-17317.27 -> 53695.35 | H7: =G7/D7 -> 208.11482 | I7: =F7-G7 -> 33901.048 | J7: =E7-H7 -> 131.39518 | K7: 45580 | L7: =DAYS360(K7,$C$1) -> 119 | M7: =(I7/G7) -> 0.6313591 | N7: 26 | O7: 98 | P7: 5 | Q7: 183.7 | R7: =Q7*0.93 -> 170.841 | S7: 285.01 | T7: =Q7*1.25 -> 229.625 | U7: =Q7*1.5 -> 275.55 | V7: =Q7*2 -> 367.4 | W7: =H7-(H7*0.07) -> 193.54678 | X7: 335 | Y7: =(X7-H7)/H7 -> 0.60968837 | Z7: =F7/F$19 -> 0.1143349 | AB7: 45783 | AC7: 55
A8: IBIT | B8: Long | C8: iShares Bitcoin | D8: =939.2424+388.9544 -> 1328.1968 | E8: 55.33 | F8: =E8*D8 -> 73489.129 | G8: =36992.18+23418.77 -> 60410.95 | H8: =G8/D8 -> 45.483433 | I8: =F8-G8 -> 13078.179 | J8: =E8-H8 -> 9.8465671 | K8: 45593 | L8: =DAYS360(K8,$C$1) -> 106 | M8: =(I8/G8) -> 0.21648689 | O8: 93 | P8: - | Q8: 61.08 | R8: =Q8*0.93 -> 56.8044 | S8: 51.54 | T8: =Q8*1.25 -> 76.35 | U8: =Q8*1.5 -> 91.62 | V8: =Q8*2 -> 122.16 | W8: =H8-(H8*0.07) -> 42.299593 | X8: 53 | Y8: =(X8-H8)/H8 -> 0.16525945 | Z8: =F8/F$19 -> 0.095921439
A9: AXGN | B9: Long | C9: Axogen | D9: 2234.6065 | E9: 18.13 | F9: =E9*D9 -> 40513.416 | G9: 37971.83 | H9: =G9/D9 -> 16.992625 | I9: =F9-G9 -> 2541.5858 | J9: =E9-H9 -> 1.1373751 | K9: 45652 | L9: =DAYS360(K9,$C$1) -> 48 | M9: =(I9/G9) -> 0.066933457 | N9: 62 | O9: 97 | P9: 81 | Q9: 15.9 | R9: =Q9*0.93 -> 14.787 | S9: 14 | T9: =Q9*1.25 -> 19.875 | U9: =Q9*1.5 -> 23.85 | V9: =Q9*2 -> 31.8 | W9: =H9-(H9*0.07) -> 15.803141 | X9: 15.65 | Y9: =(X9-H9)/H9 -> -0.079012212 | Z9: =F9/F$19 -> 0.05288 | AB9: 45713 | AC9: 94
A10: OKLO | B10: Long | C10: Oklo | D10: 1255.3625 | E10: 52.62 | F10: =E10*D10 -> 66057.175 | G10: 37884.65 | H10: =G10/D10 -> 30.178255 | I10: =F10-G10 -> 28172.525 | J10: =E10-H10 -> 22.441745 | K10: 45663 | L10: =DAYS360(K10,$C$1) -> 38 | M10: =(I10/G10) -> 0.74363957 | N10: 1 | O10: 99 | P10: 7 | Q10: 24.99 | R10: =Q10*0.93 -> 23.2407 | S10: 29.06 | T10: =Q10*1.25 -> 31.2375 | U10: =Q10*1.5 -> 37.485 | V10: =Q10*2 -> 49.98 | W10: =H10-(H10*0.07) -> 28.065777 | X10: 39 | Y10: =(X10-H10)/H10 -> 0.29232123 | Z10: =F10/F$19 -> 0.086220906 | AB10: 45713 | AC10: 78
A11: GEV | B11: Long | C11: GE Vernova | D11: 201.9693 | E11: 367.59 | F11: =E11*D11 -> 74241.895 | G11: 74438.86 | H11: =G11/D11 -> 368.56522 | I11: =F11-G11 -> -196.96501 | J11: =E11-H11 -> -0.97522254 | K11: 45664 | L11: =DAYS360(K11,$C$1) -> 37 | M11: =(I11/G11) -> -0.0026459972 | N11: 1 | O11: 97 | P11: 67 | Q11: 354.69 | R11: =Q11*0.93 -> 329.8617 | S11: 348.2 | T11: =Q11*1.25 -> 443.3625 | U11: =Q11*1.5 -> 532.035 | V11: =Q11*2 -> 709.38 | W11: =H11-(H11*0.07) -> 342.76566 | X11: 375 | Y11: =(X11-H11)/H11 -> 0.017458993 | Z11: =F11/F$19 -> 0.096903985 | AB11: 45771 | AC11: 93
A12: PSTG | B12: Long | C12: Pure Storage | D12: =675.2982+456.8207 -> 1132.1189 | E12: 67.8 | F12: =E12*D12 -> 76757.661 | G12: =45046.15+31240.53 -> 76286.68 | H12: =G12/D12 -> 67.383982 | I12: =F12-G12 -> 470.98142 | J12: =E12-H12 -> 0.41601763 | K12: 45673 | L12: =DAYS360(K12,$C$1) -> 28 | M12: =(I12/G12) -> 0.0061738356 | N12: 120 | O12: 90 | P12: 90 | Q12: 67.95 | R12: =Q12*0.93 -> 63.1935 | S12: 60.62 | T12: =Q12*1.25 -> 84.9375 | U12: =Q12*1.5 -> 101.925 | V12: =Q12*2 -> 135.9 | W12: =H12-(H12*0.07) -> 62.667104 | X12: 64 | Y12: =(X12-H12)/H12 -> -0.050219388 | Z12: =F12/F$19 -> 0.10018768 | AB12: 45714 | AC12: 87
A13: MTRX | B13: Long | C13: Matrix Service | D13: 1628.6374 | E13: 15.2 | F13: =E13*D13 -> 24755.288 | G13: 22621.18 | H13: =G13/D13 -> 13.889636 | I13: =F13-G13 -> 2134.1085 | J13: =E13-H13 -> 1.3103644 | K13: 45692 | L13: =DAYS360(K13,$C$1) -> 10 | M13: =(I13/G13) -> 0.094341165 | N13: 53 | O13: 90 | P13: 10 | Q13: 13.58 | R13: =Q13*0.93 -> 12.6294 | S13: 13 | T13: =Q13*1.25 -> 16.975 | U13: =Q13*1.5 -> 20.37 | V13: =Q13*2 -> 27.16 | W13: =H13-(H13*0.07) -> 12.917361 | X13: 13 | Y13: =(X13-H13)/H13 -> -0.064050319 | Z13: =F13/F$19 -> 0.032311757 | AB13: 45784 | AC13: 63
A14: FTNT | B14: Long | C14: Fortinet | D14: 440.0298 | E14: 111.64 | F14: =E14*D14 -> 49124.927 | G14: 46412.71 | H14: =G14/D14 -> 105.47629 | I14: =F14-G14 -> 2712.2169 | J14: =E14-H14 -> 6.1637118 | K14: 45695 | L14: =DAYS360(K14,$C$1) -> 7 | M14: =(I14/G14) -> 0.058436943 | N14: 22 | O14: 93 | P14: 99 | Q14: 101 | R14: =Q14*0.93 -> 93.93 | S14: 94.1 | T14: =Q14*1.25 -> 126.25 | U14: =Q14*1.5 -> 151.5 | V14: =Q14*2 -> 202 | W14: =H14-(H14*0.07) -> 98.092948 | X14: 99 | Y14: =(X14-H14)/H14 -> -0.061400418 | Z14: =F14/F$19 -> 0.064120146 | AB14: 45778 | AC14: 99
A15: DKS | B15: Long | C15: Dicks | D15: 252.7011 | E15: 238.36 | F15: =E15*D15 -> 60233.834 | G15: 61221.72 | H15: =G15/D15 -> 242.26931 | I15: =F15-G15 -> -987.8858 | J15: =E15-H15 -> -3.9093055 | K15: 45699 | L15: =DAYS360(K15,$C$1) -> 3 | M15: =(I15/G15) -> -0.016136198 | N15: 137 | O15: 85 | P15: 88 | Q15: 235.16 | R15: =Q15*0.93 -> 218.6988 | S15: 228.77 | T15: =Q15*1.25 -> 293.95 | U15: =Q15*1.5 -> 352.74 | V15: =Q15*2 -> 470.32 | W15: =H15-(H15*0.07) -> 225.31045 | X15: 228.5 | Y15: =(X15-H15)/H15 -> -0.056834709 | Z15: =F15/F$19 -> 0.07862001 | AB15: 45727 | AC15: 82
F16: =E16*D16 -> 0 | H16: =G16/D16 -> #DIV/0! | I16: =F16-G16 -> 0 | J16: =E16-H16 -> #DIV/0! | L16: =DAYS360(K16,$C$1) -> 45044 | M16: =(I16/G16) -> #DIV/0! | R16: =Q16*0.93 -> 0 | T16: =Q16*1.25 -> 0 | U16: =Q16*1.5 -> 0 | V16: =Q16*2 -> 0 | W16: =H16-(H16*0.07) -> #DIV/0! | Y16: =(X16-H16)/H16 -> #DIV/0! | Z16: =F16/F$19 -> 0
A17: Sub-Total | F17: =SUM(F6:F16) -> 552769.72 | G17: =SUM(G6:G16) -> 470943.93 | I17: =SUM(I6:I16) -> 81825.793
D18: Cash, other | F18: 213369 | G18: =F18/F19 -> 0.27849917
D19: Total | F19: =SUM(F17:F18) -> 766138.72 | K19: Control acct (Doug's IRA) | M19: Today
H20: Last week's close | I20: ='02-07-25'!F19 -> 766252.15 | K20: 45657 | L20: 170762 | M20: 178205
H21: Week's change | I21: =(F19-I20)/I20 -> -0.0001480299 | K21: chg % | L21: =(M20-L20)/L20 -> 0.043586981
M23: days
A24: 2025 Closed Trades - Managed Acct | D24: Qty | E24: Cost/sh | F24: $ cost | G24: $Proc | H24: Proc/sh | I24: Profit/loss | J24: % | K24: Date purch | L24: Date sold | M24: held | P24: Comments
A25: APH | B25: Long | C25: Amphenol | D25: 935.0369 | E25: =F25/D25 -> 72.335006 | F25: 67635.9 | G25: 64699.88 | H25: =G25/D25 -> 69.195002 | I25: =G25-F25 -> -2936.02 | J25: =I25/F25 -> -0.043409195 | K25: 45609 | L25: 45659 | M25: =DAYS360(K25,L25) -> 49
A26: SQ | B26: Long | C26: Block | D26: 653.8238 | E26: =F26/D26 -> 90.119203 | F26: 58922.08 | G26: 54094.08 | H26: =G26/D26 -> 82.734951 | I26: =G26-F26 -> -4828 | J26: =I26/F26 -> -0.081938723 | K26: 45660 | L26: 45667 | M26: =DAYS360(K26,L26) -> 7
A27: ONON | B27: Long | C27: On Holding | D27: 1263.7796 | E27: =F27/D27 -> 44.698791 | F27: 56489.42 | G27: 75501.87 | H27: =G27/D27 -> 59.742909 | I27: =G27-F27 -> 19012.45 | J27: =I27/F27 -> 0.33656656 | K27: 45527 | L27: 45688 | M27: =DAYS360(K27,L27) -> 158
A28: AGX | B28: Long | C28: Argan | D28: =347.7531+131.6951 -> 479.4482 | E28: =F28/D28 -> 169.90901 | F28: =59492.79+21969.78 -> 81462.57 | G28: 65047.58 | H28: =G28/D28 -> 135.67176 | I28: =G28-F28 -> -16414.99 | J28: =I28/F28 -> -0.20150346 | K28: 45671 | L28: 45688 | M28: =DAYS360(K28,L28) -> 17
A29: TILE | B29: Long | C29: Interface | D29: 3020.3486 | E29: =F29/D29 -> 18.70201 | F29: 56486.59 | G29: 71124.88 | H29: =G29/D29 -> 23.548567 | I29: =G29-F29 -> 14638.29 | J29: =I29/F29 -> 0.25914629 | K29: 45527 | L29: 45691 | M29: =DAYS360(K29,L29) -> 160
I35: =SUM(I25:I34) -> 9471.73 | J35: Avg
H36: # of losses | I36: 3 | J36: -0.1089
H37: # of wins | I37: 2 | J37: 0.2979

Sheet 02-21-25
C1: 45709
C3: MANAGED ACCT | X3: Current | AC3: IBD
H4: Cost | J4: P/L | N4: Group | P4: EPS | R4: pivot | S4: last | W4: cost | X4: Stop | Y4: Stop | Z4: % | AB4: EPS | AC4: Comp
A5: Symbol | B5: Position | C5: Name | D5: Qty | E5: Current | F5: Value | G5: Cost | H5: per share | I5: P/L $ | J5: per sh | K5: Date purch | L5: days held | M5: % incr | N5: Rank | O5: RS | P5: RS | Q5: pivot | R5: -0.07 | S5: low | T5: 0.25 | U5: 0.5 | V5: 1 | W5: -0.07 | X5: Loss | Y5: Loss% | Z5: of port | AB5: Due | AC5: Rank
A7: MSTR | B7: Long | C7: Microstrategy | D7: =341.2204-83.2121 -> 258.0083 | E7: 299.69 | F7: =E7*D7 -> 77322.507 | G7: =71012.62-17317.27 -> 53695.35 | H7: =G7/D7 -> 208.11482 | I7: =F7-G7 -> 23627.157 | J7: =E7-H7 -> 91.575184 | K7: 45580 | L7: =DAYS360(K7,$C$1) -> 126 | M7: =(I7/G7) -> 0.44002241 | N7: 27 | O7: 98 | P7: 5 | Q7: 183.7 | R7: =Q7*0.93 -> 170.841 | S7: 285.01 | T7: =Q7*1.25 -> 229.625 | U7: =Q7*1.5 -> 275.55 | V7: =Q7*2 -> 367.4 | W7: =H7-(H7*0.07) -> 193.54678 | X7: 335 | Y7: =(X7-H7)/H7 -> 0.60968837 | Z7: =F7/F$20 -> 0.11083135 | AB7: 45783 | AC7: 53
A8: IBIT | B8: Long | C8: iShares Bitcoin | D8: =939.2424+388.9544 -> 1328.1968 | E8: 53.91 | F8: =E8*D8 -> 71603.089 | G8: =36992.18+23418.77 -> 60410.95 | H8: =G8/D8 -> 45.483433 | I8: =F8-G8 -> 11192.139 | J8: =E8-H8 -> 8.4265671 | K8: 45593 | L8: =DAYS360(K8,$C$1) -> 113 | M8: =(I8/G8) -> 0.18526674 | O8: 93 | P8: - | Q8: 61.08 | R8: =Q8*0.93 -> 56.8044 | S8: 51.54 | T8: =Q8*1.25 -> 76.35 | U8: =Q8*1.5 -> 91.62 | V8: =Q8*2 -> 122.16 | W8: =H8-(H8*0.07) -> 42.299593 | X8: 53 | Y8: =(X8-H8)/H8 -> 0.16525945 | Z8: =F8/F$20 -> 0.10263334
A9: AXGN | B9: Long | C9: Axogen | D9: 2234.6065 | E9: 18 | F9: =E9*D9 -> 40222.917 | G9: 37971.83 | H9: =G9/D9 -> 16.992625 | I9: =F9-G9 -> 2251.087 | J9: =E9-H9 -> 1.0073751 | K9: 45652 | L9: =DAYS360(K9,$C$1) -> 55 | M9: =(I9/G9) -> 0.059283079 | N9: 54 | O9: 97 | P9: 81 | Q9: 15.9 | R9: =Q9*0.93 -> 14.787 | S9: 14 | T9: =Q9*1.25 -> 19.875 | U9: =Q9*1.5 -> 23.85 | V9: =Q9*2 -> 31.8 | W9: =H9-(H9*0.07) -> 15.803141 | X9: 15.65 | Y9: =(X9-H9)/H9 -> -0.079012212 | Z9: =F9/F$20 -> 0.05765411 | AB9: 45713 | AC9: 94
A10: PSTG | B10: Long | C10: Pure Storage | D10: =675.2982+456.8207 -> 1132.1189 | E10: 65.07 | F10: =E10*D10 -> 73666.977 | G10: =45046.15+31240.53 -> 76286.68 | H10: =G10/D10 -> 67.383982 | I10: =F10-G10 -> -2619.7032 | J10: =E10-H10 -> -2.3139824 | K10: 45673 | L10: =DAYS360(K10,$C$1) -> 35 | M10: =(I10/G10) -> -0.034340244 | N10: 116 | O10: 90 | P10: 90 | Q10: 67.95 | R10: =Q10*0.93 -> 63.1935 | S10: 60.62 | T10: =Q10*1.25 -> 84.9375 | U10: =Q10*1.5 -> 101.925 | V10: =Q10*2 -> 135.9 | W10: =H10-(H10*0.07) -> 62.667104 | X10: 64 | Y10: =(X10-H10)/H10 -> -0.050219388 | Z10: =F10/F$20 -> 0.10559164 | AB10: 45714 | AC10: 88
A11: MTRX | B11: Long | C11: Matrix Service | D11: 1628.6374 | E11: 13.08 | F11: =E11*D11 -> 21302.577 | G11: 22621.18 | H11: =G11/D11 -> 13.889636 | I11: =F11-G11 -> -1318.6028 | J11: =E11-H11 -> -0.80963559 | K11: 45692 | L11: =DAYS360(K11,$C$1) -> 17 | M11: =(I11/G11) -> -0.058290629 | N11: 61 | O11: 86 | P11: 10 | Q11: 13.58 | R11: =Q11*0.93 -> 12.6294 | S11: 13 | T11: =Q11*1.25 -> 16.975 | U11: =Q11*1.5 -> 20.37 | V11: =Q11*2 -> 27.16 | W11: =H11-(H11*0.07) -> 12.917361 | X11: 13 | Y11: =(X11-H11)/H11 -> -0.064050319 | Z11: =F11/F$20 -> 0.030534362 | AB11: 45784 | AC11: 60
A12: FTNT | B12: Long | C12: Fortinet | D12: 440.0298 | E12: 110.02 | F12: =E12*D12 -> 48412.079 | G12: 46412.71 | H12: =G12/D12 -> 105.47629 | I12: =F12-G12 -> 1999.3686 | J12: =E12-H12 -> 4.5437118 | K12: 45695 | L12: =DAYS360(K12,$C$1) -> 14 | M12: =(I12/G12) -> 0.04307804 | N12: 28 | O12: 95 | P12: 99 | Q12: 101 | R12: =Q12*0.93 -> 93.93 | S12: 94.1 | T12: =Q12*1.25 -> 126.25 | U12: =Q12*1.5 -> 151.5 | V12: =Q12*2 -> 202 | W12: =H12-(H12*0.07) -> 98.092948 | X12: 99 | Y12: =(X12-H12)/H12 -> -0.061400418 | Z12: =F12/F$20 -> 0.069392165 | AB12: 45778 | AC12: 99
F13: =E13*D13 -> 0 | H13: =G13/D13 -> #DIV/0! | I13: =F13-G13 -> 0 | J13: =E13-H13 -> #DIV/0! | L13: =DAYS360(K13,$C$1) -> 45051 | M13: =(I13/G13) -> #DIV/0! | R13: =Q13*0.93 -> 0 | T13: =Q13*1.25 -> 0 | U13: =Q13*1.5 -> 0 | V13: =Q13*2 -> 0 | W13: =H13-(H13*0.07) -> #DIV/0! | Y13: =(X13-H13)/H13 -> #DIV/0! | Z13: =F13/F$20 -> 0
F14: =E14*D14 -> 0 | H14: =G14/D14 -> #DIV/0! | I14: =F14-G14 -> 0 | J14: =E14-H14 -> #DIV/0! | L14: =DAYS360(K14,$C$1) -> 45051 | M14: =(I14/G14) -> #DIV/0! | R14: =Q14*0.93 -> 0 | T14: =Q14*1.25 -> 0 | U14: =Q14*1.5 -> 0 | V14: =Q14*2 -> 0 | W14: =H14-(H14*0.07) -> #DIV/0! | Y14: =(X14-H14)/H14 -> #DIV/0! | Z14: =F14/F$20 -> 0
F15: =E15*D15 -> 0 | H15: =G15/D15 -> #DIV/0! | I15: =F15-G15 -> 0 | J15: =E15-H15 -> #DIV/0! | L15: =DAYS360(K15,$C$1) -> 45051 | M15: =(I15/G15) -> #DIV/0! | R15: =Q15*0.93 -> 0 | T15: =Q15*1.25 -> 0 | U15: =Q15*1.5 -> 0 | V15: =Q15*2 -> 0 | W15: =H15-(H15*0.07) -> #DIV/0! | Y15: =(X15-H15)/H15 -> #DIV/0! | Z15: =F15/F$20 -> 0
F16: =E16*D16 -> 0 | H16: =G16/D16 -> #DIV/0! | I16: =F16-G16 -> 0 | J16: =E16-H16 -> #DIV/0! | L16: =DAYS360(K16,$C$1) -> 45051 | M16: =(I16/G16) -> #DIV/0! | R16: =Q16*0.93 -> 0 | T16: =Q16*1.25 -> 0 | U16: =Q16*1.5 -> 0 | V16: =Q16*2 -> 0 | W16: =H16-(H16*0.07) -> #DIV/0! | Y16: =(X16-H16)/H16 -> #DIV/0! | Z16: =F16/F$20 -> 0
F17: =E17*D17 -> 0 | H17: =G17/D17 -> #DIV/0! | I17: =F17-G17 -> 0 | J17: =E17-H17 -> #DIV/0! | L17: =DAYS360(K17,$C$1) -> 45051 | M17: =(I17/G17) -> #DIV/0! | R17: =Q17*0.93 -> 0 | T17: =Q17*1.25 -> 0 | U17: =Q17*1.5 -> 0 | V17: =Q17*2 -> 0 | W17: =H17-(H17*0.07) -> #DIV/0! | Y17: =(X17-H17)/H17 -> #DIV/0! | Z17: =F17/F$20 -> 0
A18: Sub-Total | F18: =SUM(F6:F17) -> 332530.15 | G18: =SUM(G6:G17) -> 297398.7 | I18: =SUM(I6:I17) -> 35131.447
D19: Cash, other | F19: 365129 | G19: =F19/F20 -> 0.52336302
D20: Total | F20: =SUM(F18:F19) -> 697659.15 | K20: Control acct (Doug's IRA) | M20: Today
H21: Last week's close | I21: ='02-14-25'!F19 -> 766138.72 | K21: 45657 | L21: 170762 | M21: 162281
H22: Week's change | I22: =(F20-I21)/I21 -> -0.089382738 | K22: chg % | L22: =(M21-L21)/L21 -> -0.049665616
M24: days
A25: 2025 Closed Trades - Managed Acct | D25: Qty | E25: Cost/sh | F25: $ cost | G25: $Proc | H25: Proc/sh | I25: Profit/loss | J25: % | K25: Date purch | L25: Date sold | M25: held | P25: Comments (Close on Feb 21) | S25: chg from sale
A26: APH | B26: Long | C26: Amphenol | D26: 935.0369 | E26: =F26/D26 -> 72.335006 | F26: 67635.9 | G26: 64699.88 | H26: =G26/D26 -> 69.195002 | I26: =G26-F26 -> -2936.02 | J26: =I26/F26 -> -0.043409195 | K26: 45609 | L26: 45659 | M26: =DAYS360(K26,L26) -> 49 | Q26: 67.58 | S26: =(Q26-H26)/H26 -> -0.023339862
A27: SQ | B27: Long | C27: Block | D27: 653.8238 | E27: =F27/D27 -> 90.119203 | F27: 58922.08 | G27: 54094.08 | H27: =G27/D27 -> 82.734951 | I27: =G27-F27 -> -4828 | J27: =I27/F27 -> -0.081938723 | K27: 45660 | L27: 45667 | M27: =DAYS360(K27,L27) -> 7 | Q27: 68.35 | S27: =(Q27-H27)/H27 -> -0.17386788
A28: ONON | B28: Long | C28: On Holding | D28: 1263.7796 | E28: =F28/D28 -> 44.698791 | F28: 56489.42 | G28: 75501.87 | H28: =G28/D28 -> 59.742909 | I28: =G28-F28 -> 19012.45 | J28: =I28/F28 -> 0.33656656 | K28: 45527 | L28: 45688 | M28: =DAYS360(K28,L28) -> 158 | Q28: 48.44 | S28: =(Q28-H28)/H28 -> -0.18919248
A29: AGX | B29: Long | C29: Argan | D29: =347.7531+131.6951 -> 479.4482 | E29: =F29/D29 -> 169.90901 | F29: =59492.79+21969.78 -> 81462.57 | G29: 65047.58 | H29: =G29/D29 -> 135.67176 | I29: =G29-F29 -> -16414.99 | J29: =I29/F29 -> -0.20150346 | K29: 45671 | L29: 45688 | M29: =DAYS360(K29,L29) -> 17 | Q29: 133.63 | S29: =(Q29-H29)/H29 -> -0.015049246
A30: TILE | B30: Long | C30: Interface | D30: 3020.3486 | E30: =F30/D30 -> 18.70201 | F30: 56486.59 | G30: 71124.88 | H30: =G30/D30 -> 23.548567 | I30: =G30-F30 -> 14638.29 | J30: =I30/F30 -> 0.25914629 | K30: 45527 | L30: 45691 | M30: =DAYS360(K30,L30) -> 160 | Q30: 21.48 | S30: =(Q30-H30)/H30 -> -0.087842567
A31: TOST | B31: Long | C31: Toast | D31: 1436.8459 | E31: =F31/D31 -> 42.502492 | F31: =1436.8459*42.5024916 -> 61069.531 | G31: =1436.8459*38.249853 -> 54959.144 | H31: =G31/D31 -> 38.249853 | I31: =G31-F31 -> -6110.3863 | J31: =I31/F31 -> -0.10005622 | K31: 45706 | L31: 45708 | M31: =DAYS360(K31,L31) -> 2 | Q31: 37.7 | S31: =(Q31-H31)/H31 -> -0.014375297
A32: AXON | B32: Long | C32: Axon Enterprises | D32: 130.6907 | E32: =F32/D32 -> 701.32489 | F32: =130.6907*701.324893 -> 91656.641 | G32: =130.6907*531.6399528 -> 69480.398 | H32: =G32/D32 -> 531.63995 | I32: =G32-F32 -> -22176.244 | J32: =I32/F32 -> -0.24194912 | K32: 45706 | L32: 45708 | M32: =DAYS360(K32,L32) -> 2 | Q32: 513.22 | S32: =(Q32-H32)/H32 -> -0.03464742
A33: GEV | B33: Long | C33: GE Vernova | D33: 201.9693 | E33: =F33/D33 -> 368.56522 | F33: 74438.86 | G33: =201.9693*360.5332483 -> 72816.648 | H33: =G33/D33 -> 360.53325 | I33: =G33-F33 -> -1622.2122 | J33: =I33/F33 -> -0.021792545 | K33: 45664 | L33: 45708 | M33: =DAYS360(K33,L33) -> 43 | Q33: 327.88 | S33: =(Q33-H33)/H33 -> -0.090569312
A34: OKLO | B34: Long | C34: Oklo | D34: 1255.3625 | E34: =F34/D34 -> 30.178255 | F34: 37884.65 | G34: =1255.3625*39.762296 -> 49916.095 | H34: =G34/D34 -> 39.762296 | I34: =G34-F34 -> 12031.445 | J34: =I34/F34 -> 0.31758101 | K34: 45663 | L34: 45709 | M34: =DAYS360(K34,L34) -> 45 | Q34: 38.79 | S34: =(Q34-H34)/H34 -> -0.024452713
A35: DKS | B35: Long | C35: Dicks | D35: 252.7011 | E35: =F35/D35 -> 242.26931 | F35: 61221.72 | G35: =252.7011*226.6146532 -> 57265.772 | H35: =G35/D35 -> 226.61465 | I35: =G35-F35 -> -3955.9479 | J35: =I35/F35 -> -0.064616738 | K35: 45699 | L35: 45709 | M35: =DAYS360(K35,L35) -> 10 | Q35: 224.64 | S35: =(Q35-H35)/H35 -> -0.0087137048
I39: =SUM(I26:I38) -> -12361.615 | J39: Avg
H40: # of losses | I40: 7 | J40: -0.1083
H41: # of wins | I41: 3 | J41: 0.3047

Sheet 02-28-25
C1: 45716
C3: MANAGED ACCT | X3: Current | AC3: IBD
H4: Cost | J4: P/L | N4: Group | P4: EPS | R4: pivot | S4: last | W4: cost | X4: Stop | Y4: Stop | Z4: % | AB4: EPS | AC4: Comp
A5: Symbol | B5: Position | C5: Name | D5: Qty | E5: Current | F5: Value | G5: Cost | H5: per share | I5: P/L $ | J5: per sh | K5: Date purch | L5: days held | M5: % incr | N5: Rank | O5: RS | P5: RS | Q5: pivot | R5: -0.07 | S5: low | T5: 0.25 | U5: 0.5 | V5: 1 | W5: -0.07 | X5: Loss | Y5: Loss% | Z5: of port | AB5: Due | AC5: Rank
A7: AXGN | B7: Long | C7: Axogen | D7: 2234.6065 | E7: 20.01 | F7: =E7*D7 -> 44714.476 | G7: 37971.83 | H7: =G7/D7 -> 16.992625 | I7: =F7-G7 -> 6742.6461 | J7: =E7-H7 -> 3.0173751 | K7: 45652 | L7: =DAYS360(K7,$C$1) -> 62 | M7: =(I7/G7) -> 0.17756969 | N7: 73 | O7: 98 | P7: 80 | Q7: 15.9 | R7: =Q7*0.93 -> 14.787 | S7: 14 | T7: =Q7*1.25 -> 19.875 | U7: =Q7*1.5 -> 23.85 | V7: =Q7*2 -> 31.8 | W7: =H7-(H7*0.07) -> 15.803141 | X7: 15.65 | Y7: =(X7-H7)/H7 -> -0.079012212 | Z7: =F7/F$20 -> 0.06488509 | AB7: 45777 | AC7: 96
A8: FTNT | B8: Long | C8: Fortinet | D8: 440.0298 | E8: 107.99 | F8: =E8*D8 -> 47518.818 | G8: 46412.71 | H8: =G8/D8 -> 105.47629 | I8: =F8-G8 -> 1106.1081 | J8: =E8-H8 -> 2.5137118 | K8: 45695 | L8: =DAYS360(K8,$C$1) -> 21 | M8: =(I8/G8) -> 0.023832009 | N8: 31 | O8: 95 | P8: 99 | Q8: 101 | R8: =Q8*0.93 -> 93.93 | S8: 94.1 | T8: =Q8*1.25 -> 126.25 | U8: =Q8*1.5 -> 151.5 | V8: =Q8*2 -> 202 | W8: =H8-(H8*0.07) -> 98.092948 | X8: 99 | Y8: =(X8-H8)/H8 -> -0.061400418 | Z8: =F8/F$20 -> 0.068954466 | AB8: 45778 | AC8: 99
F9: =E9*D9 -> 0 | H9: =G9/D9 -> #DIV/0! | I9: =F9-G9 -> 0 | J9: =E9-H9 -> #DIV/0! | L9: =DAYS360(K9,$C$1) -> 45058 | M9: =(I9/G9) -> #DIV/0! | R9: =Q9*0.93 -> 0 | T9: =Q9*1.25 -> 0 | U9: =Q9*1.5 -> 0 | V9: =Q9*2 -> 0 | W9: =H9-(H9*0.07) -> #DIV/0! | Y9: =(X9-H9)/H9 -> #DIV/0! | Z9: =F9/F$20 -> 0
F10: =E10*D10 -> 0 | H10: =G10/D10 -> #DIV/0! | I10: =F10-G10 -> 0 | J10: =E10-H10 -> #DIV/0! | L10: =DAYS360(K10,$C$1) -> 45058 | M10: =(I10/G10) -> #DIV/0! | R10: =Q10*0.93 -> 0 | T10: =Q10*1.25 -> 0 | U10: =Q10*1.5 -> 0 | V10: =Q10*2 -> 0 | W10: =H10-(H10*0.07) -> #DIV/0! | Y10: =(X10-H10)/H10 -> #DIV/0! | Z10: =F10/F$20 -> 0
F11: =E11*D11 -> 0 | H11: =G11/D11 -> #DIV/0! | I11: =F11-G11 -> 0 | J11: =E11-H11 -> #DIV/0! | L11: =DAYS360(K11,$C$1) -> 45058 | M11: =(I11/G11) -> #DIV/0! | R11: =Q11*0.93 -> 0 | T11: =Q11*1.25 -> 0 | U11: =Q11*1.5 -> 0 | V11: =Q11*2 -> 0 | W11: =H11-(H11*0.07) -> #DIV/0! | Y11: =(X11-H11)/H11 -> #DIV/0! | Z11: =F11/F$20 -> 0
F12: =E12*D12 -> 0 | H12: =G12/D12 -> #DIV/0! | I12: =F12-G12 -> 0 | J12: =E12-H12 -> #DIV/0! | L12: =DAYS360(K12,$C$1) -> 45058 | M12: =(I12/G12) -> #DIV/0! | R12: =Q12*0.93 -> 0 | T12: =Q12*1.25 -> 0 | U12: =Q12*1.5 -> 0 | V12: =Q12*2 -> 0 | W12: =H12-(H12*0.07) -> #DIV/0! | Y12: =(X12-H12)/H12 -> #DIV/0! | Z12: =F12/F$20 -> 0
F13: =E13*D13 -> 0 | H13: =G13/D13 -> #DIV/0! | I13: =F13-G13 -> 0 | J13: =E13-H13 -> #DIV/0! | L13: =DAYS360(K13,$C$1) -> 45058 | M13: =(I13/G13) -> #DIV/0! | R13: =Q13*0.93 -> 0 | T13: =Q13*1.25 -> 0 | U13: =Q13*1.5 -> 0 | V13: =Q13*2 -> 0 | W13: =H13-(H13*0.07) -> #DIV/0! | Y13: =(X13-H13)/H13 -> #DIV/0! | Z13: =F13/F$20 -> 0
F14: =E14*D14 -> 0 | H14: =G14/D14 -> #DIV/0! | I14: =F14-G14 -> 0 | J14: =E14-H14 -> #DIV/0! | L14: =DAYS360(K14,$C$1) -> 45058 | M14: =(I14/G14) -> #DIV/0! | R14: =Q14*0.93 -> 0 | T14: =Q14*1.25 -> 0 | U14: =Q14*1.5 -> 0 | V14: =Q14*2 -> 0 | W14: =H14-(H14*0.07) -> #DIV/0! | Y14: =(X14-H14)/H14 -> #DIV/0! | Z14: =F14/F$20 -> 0
F15: =E15*D15 -> 0 | H15: =G15/D15 -> #DIV/0! | I15: =F15-G15 -> 0 | J15: =E15-H15 -> #DIV/0! | L15: =DAYS360(K15,$C$1) -> 45058 | M15: =(I15/G15) -> #DIV/0! | R15: =Q15*0.93 -> 0 | T15: =Q15*1.25 -> 0 | U15: =Q15*1.5 -> 0 | V15: =Q15*2 -> 0 | W15: =H15-(H15*0.07) -> #DIV/0! | Y15: =(X15-H15)/H15 -> #DIV/0! | Z15: =F15/F$20 -> 0
F16: =E16*D16 -> 0 | H16: =G16/D16 -> #DIV/0! | I16: =F16-G16 -> 0 | J16: =E16-H16 -> #DIV/0! | L16: =DAYS360(K16,$C$1) -> 45058 | M16: =(I16/G16) -> #DIV/0! | R16: =Q16*0.93 -> 0 | T16: =Q16*1.25 -> 0 | U16: =Q16*1.5 -> 0 | V16: =Q16*2 -> 0 | W16: =H16-(H16*0.07) -> #DIV/0! | Y16: =(X16-H16)/H16 -> #DIV/0! | Z16: =F16/F$20 -> 0
F17: =E17*D17 -> 0 | H17: =G17/D17 -> #DIV/0! | I17: =F17-G17 -> 0 | J17: =E17-H17 -> #DIV/0! | L17: =DAYS360(K17,$C$1) -> 45058 | M17: =(I17/G17) -> #DIV/0! | R17: =Q17*0.93 -> 0 | T17: =Q17*1.25 -> 0 | U17: =Q17*1.5 -> 0 | V17: =Q17*2 -> 0 | W17: =H17-(H17*0.07) -> #DIV/0! | Y17: =(X17-H17)/H17 -> #DIV/0! | Z17: =F17/F$20 -> 0
A18: Sub-Total | F18: =SUM(F6:F17) -> 92233.294 | G18: =SUM(G6:G17) -> 84384.54 | I18: =SUM(I6:I17) -> 7848.7542
D19: Cash, other | F19: 596900 | G19: =F19/F20 -> 0.86616044
D20: Total | F20: =SUM(F18:F19) -> 689133.29 | K20: Control acct (Doug's IRA) | M20: Today
H21: Last week's close | I21: ='02-21-25'!F20 -> 697659.15 | K21: 45657 | L21: 170762 | M21: 160301
H22: Week's change | I22: =(F20-I21)/I21 -> -0.012220656 | K22: chg % | L22: =(M21-L21)/L21 -> -0.061260702
M24: days
A25: 2025 Closed Trades - Managed Acct | D25: Qty | E25: Cost/sh | F25: $ cost | G25: $Proc | H25: Proc/sh | I25: Profit/loss | J25: % | K25: Date purch | L25: Date sold | M25: held | P25: Comments (Close on Feb 28) | S25: chg from sale
A26: APH | B26: Long | C26: Amphenol | D26: 935.0369 | E26: =F26/D26 -> 72.335006 | F26: 67635.9 | G26: 64699.88 | H26: =G26/D26 -> 69.195002 | I26: =G26-F26 -> -2936.02 | J26: =I26/F26 -> -0.043409195 | K26: 45609 | L26: 45659 | M26: =DAYS360(K26,L26) -> 49 | Q26: 66.6 | S26: =(Q26-H26)/H26 -> -0.037502735
A27: SQ | B27: Long | C27: Block | D27: 653.8238 | E27: =F27/D27 -> 90.119203 | F27: 58922.08 | G27: 54094.08 | H27: =G27/D27 -> 82.734951 | I27: =G27-F27 -> -4828 | J27: =I27/F27 -> -0.081938723 | K27: 45660 | L27: 45667 | M27: =DAYS360(K27,L27) -> 7 | Q27: 65.3 | S27: =(Q27-H27)/H27 -> -0.2107326 | U27: (Now XYZ)
A28: ONON | B28: Long | C28: On Holding | D28: 1263.7796 | E28: =F28/D28 -> 44.698791 | F28: 56489.42 | G28: 75501.87 | H28: =G28/D28 -> 59.742909 | I28: =G28-F28 -> 19012.45 | J28: =I28/F28 -> 0.33656656 | K28: 45527 | L28: 45688 | M28: =DAYS360(K28,L28) -> 158 | Q28: 48.48 | S28: =(Q28-H28)/H28 -> -0.18852295
A29: AGX | B29: Long | C29: Argan | D29: =347.7531+131.6951 -> 479.4482 | E29: =F29/D29 -> 169.90901 | F29: =59492.79+21969.78 -> 81462.57 | G29: 65047.58 | H29: =G29/D29 -> 135.67176 | I29: =G29-F29 -> -16414.99 | J29: =I29/F29 -> -0.20150346 | K29: 45671 | L29: 45688 | M29: =DAYS360(K29,L29) -> 17 | Q29: 130.37 | S29: =(Q29-H29)/H29 -> -0.039077828
A30: TILE | B30: Long | C30: Interface | D30: 3020.3486 | E30: =F30/D30 -> 18.70201 | F30: 56486.59 | G30: 71124.88 | H30: =G30/D30 -> 23.548567 | I30: =G30-F30 -> 14638.29 | J30: =I30/F30 -> 0.25914629 | K30: 45527 | L30: 45691 | M30: =DAYS360(K30,L30) -> 160 | Q30: 20.23 | S30: =(Q30-H30)/H30 -> -0.14092435
A31: TOST | B31: Long | C31: Toast | D31: 1436.8459 | E31: =F31/D31 -> 42.502492 | F31: =1436.8459*42.5024916 -> 61069.531 | G31: =1436.8459*38.249853 -> 54959.144 | H31: =G31/D31 -> 38.249853 | I31: =G31-F31 -> -6110.3863 | J31: =I31/F31 -> -0.10005622 | K31: 45706 | L31: 45708 | M31: =DAYS360(K31,L31) -> 2 | Q31: 38.6 | S31: =(Q31-H31)/H31 -> 0.0091542051
A32: AXON | B32: Long | C32: Axon Enterprises | D32: 130.6907 | E32: =F32/D32 -> 701.32489 | F32: =130.6907*701.324893 -> 91656.641 | G32: =130.6907*531.6399528 -> 69480.398 | H32: =G32/D32 -> 531.63995 | I32: =G32-F32 -> -22176.244 | J32: =I32/F32 -> -0.24194912 | K32: 45706 | L32: 45708 | M32: =DAYS360(K32,L32) -> 2 | Q32: 528.45 | S32: =(Q32-H32)/H32 -> -0.0060002127
A33: GEV | B33: Long | C33: GE Vernova | D33: 201.9693 | E33: =F33/D33 -> 368.56522 | F33: 74438.86 | G33: =201.9693*360.5332483 -> 72816.648 | H33: =G33/D33 -> 360.53325 | I33: =G33-F33 -> -1622.2122 | J33: =I33/F33 -> -0.021792545 | K33: 45664 | L33: 45708 | M33: =DAYS360(K33,L33) -> 43 | Q33: 335.148 | S33: =(Q33-H33)/H33 -> -0.070410284
A34: OKLO | B34: Long | C34: Oklo | D34: 1255.3625 | E34: =F34/D34 -> 30.178255 | F34: 37884.65 | G34: =1255.3625*39.762296 -> 49916.095 | H34: =G34/D34 -> 39.762296 | I34: =G34-F34 -> 12031.445 | J34: =I34/F34 -> 0.31758101 | K34: 45663 | L34: 45709 | M34: =DAYS360(K34,L34) -> 45 | Q34: 33.39 | S34: =(Q34-H34)/H34 -> -0.16025976
A35: DKS | B35: Long | C35: Dicks | D35: 252.7011 | E35: =F35/D35 -> 242.26931 | F35: 61221.72 | G35: =252.7011*226.6146532 -> 57265.772 | H35: =G35/D35 -> 226.61465 | I35: =G35-F35 -> -3955.9479 | J35: =I35/F35 -> -0.064616738 | K35: 45699 | L35: 45709 | M35: =DAYS360(K35,L35) -> 10 | Q35: 225.1 | S35: =(Q35-H35)/H35 -> -0.0066838273
A36: MSTR | B36: Long | C36: Microstrategy | D36: =341.2204-83.2121 -> 258.0083 | E36: =F36/D36 -> 208.11482 | F36: =71012.62-17317.27 -> 53695.35 | G36: =258.0083*283.9399945 -> 73258.875 | H36: =G36/D36 -> 283.93999 | I36: =G36-F36 -> 19563.525 | J36: =I36/F36 -> 0.36434301 | K36: 45580 | L36: 45712 | M36: =DAYS360(K36,L36) -> 129 | Q36: 255.59 | S36: =(Q36-H36)/H36 -> -0.09984502
A37: PSTG | B37: Long | C37: Pure Storage | D37: =675.2982+456.8207 -> 1132.1189 | E37: =F37/D37 -> 67.383982 | F37: =45046.15+31240.53 -> 76286.68 | G37: =1132.1189*63.3653309 -> 71737.089 | H37: =G37/D37 -> 63.365331 | I37: =G37-F37 -> -4549.5913 | J37: =I37/F37 -> -0.059638082 | K37: 45673 | L37: 45712 | M37: =DAYS360(K37,L37) -> 38 | Q37: 52.47 | S37: =(Q37-H37)/H37 -> -0.17194467
A38: IBIT | B38: Long | C38: iShares Bitcoin | D38: =939.2424+388.9544 -> 1328.1968 | E38: =F38/D38 -> 45.483433 | F38: =36992.18+23418.77 -> 60410.95 | G38: =1328.1968*50.0213805 -> 66438.238 | H38: =G38/D38 -> 50.02138 | I38: =G38-F38 -> 6027.2875 | J38: =I38/F38 -> 0.099771441 | K38: 45593 | L38: 45713 | M38: =DAYS360(K38,L38) -> 117 | Q38: 47.9 | S38: =(Q38-H38)/H38 -> -0.042409475
A39: MTRX | B39: Long | C39: Matrix Service | D39: 1628.6374 | E39: =F39/D39 -> 13.889636 | F39: 22621.18 | G39: =1628.6374*12.519992 -> 20390.527 | H39: =G39/D39 -> 12.519992 | I39: =G39-F39 -> -2230.6528 | J39: =I39/F39 -> -0.098609037 | K39: 45692 | L39: 45715 | M39: =DAYS360(K39,L39) -> 23 | Q39: 12.48 | S39: =(Q39-H39)/H39 -> -0.0031942512
I43: =SUM(I26:I42) -> 6448.954 | J43: Avg
H44: # of losses | I44: 8 | J44: -0.1022
H45: # of wins | I45: 5 | J45: 0.2756

Sheet 03-07-25
C1: 45723
C3: MANAGED ACCT | X3: Current | AC3: IBD
H4: Cost | J4: P/L | N4: Group | P4: EPS | R4: pivot | S4: last | W4: cost | X4: Stop | Y4: Stop | Z4: % | AB4: EPS | AC4: Comp
A5: Symbol | B5: Position | C5: Name | D5: Qty | E5: Current | F5: Value | G5: Cost | H5: per share | I5: P/L $ | J5: per sh | K5: Date purch | L5: days held | M5: % incr | N5: Rank | O5: RS | P5: RS | Q5: pivot | R5: -0.07 | S5: low | T5: 0.25 | U5: 0.5 | V5: 1 | W5: -0.07 | X5: Loss | Y5: Loss% | Z5: of port | AB5: Due | AC5: Rank
A7: AXGN | B7: Long | C7: Axogen | D7: 2234.6065 | E7: 17.73 | F7: =E7*D7 -> 39619.573 | G7: 37971.83 | H7: =G7/D7 -> 16.992625 | I7: =F7-G7 -> 1647.7432 | J7: =E7-H7 -> 0.73737512 | K7: 45652 | L7: =DAYS360(K7,$C$1) -> 71 | M7: =(I7/G7) -> 0.043393833 | N7: 111 | O7: 97 | P7: 80 | Q7: 15.9 | R7: =Q7*0.93 -> 14.787 | S7: 14 | T7: =Q7*1.25 -> 19.875 | U7: =Q7*1.5 -> 23.85 | V7: =Q7*2 -> 31.8 | W7: =H7-(H7*0.07) -> 15.803141 | X7: 15.65 | Y7: =(X7-H7)/H7 -> -0.079012212 | Z7: =F7/F$20 -> 0.058171193 | AB7: 45777 | AC7: 93
A8: FTNT | B8: Long | C8: Fortinet | D8: 440.0298 | E8: 101.28 | F8: =E8*D8 -> 44566.218 | G8: 46412.71 | H8: =G8/D8 -> 105.47629 | I8: =F8-G8 -> -1846.4919 | J8: =E8-H8 -> -4.1962882 | K8: 45695 | L8: =DAYS360(K8,$C$1) -> 30 | M8: =(I8/G8) -> -0.039784185 | N8: 15 | O8: 94 | P8: 99 | Q8: 101 | R8: =Q8*0.93 -> 93.93 | S8: 94.1 | T8: =Q8*1.25 -> 126.25 | U8: =Q8*1.5 -> 151.5 | V8: =Q8*2 -> 202 | W8: =H8-(H8*0.07) -> 98.092948 | X8: 99 | Y8: =(X8-H8)/H8 -> -0.061400418 | Z8: =F8/F$20 -> 0.065434074 | AB8: 45778 | AC8: 99
F9: =E9*D9 -> 0 | H9: =G9/D9 -> #DIV/0! | I9: =F9-G9 -> 0 | J9: =E9-H9 -> #DIV/0! | L9: =DAYS360(K9,$C$1) -> 45067 | M9: =(I9/G9) -> #DIV/0! | R9: =Q9*0.93 -> 0 | T9: =Q9*1.25 -> 0 | U9: =Q9*1.5 -> 0 | V9: =Q9*2 -> 0 | W9: =H9-(H9*0.07) -> #DIV/0! | Y9: =(X9-H9)/H9 -> #DIV/0! | Z9: =F9/F$20 -> 0
F10: =E10*D10 -> 0 | H10: =G10/D10 -> #DIV/0! | I10: =F10-G10 -> 0 | J10: =E10-H10 -> #DIV/0! | L10: =DAYS360(K10,$C$1) -> 45067 | M10: =(I10/G10) -> #DIV/0! | R10: =Q10*0.93 -> 0 | T10: =Q10*1.25 -> 0 | U10: =Q10*1.5 -> 0 | V10: =Q10*2 -> 0 | W10: =H10-(H10*0.07) -> #DIV/0! | Y10: =(X10-H10)/H10 -> #DIV/0! | Z10: =F10/F$20 -> 0
F11: =E11*D11 -> 0 | H11: =G11/D11 -> #DIV/0! | I11: =F11-G11 -> 0 | J11: =E11-H11 -> #DIV/0! | L11: =DAYS360(K11,$C$1) -> 45067 | M11: =(I11/G11) -> #DIV/0! | R11: =Q11*0.93 -> 0 | T11: =Q11*1.25 -> 0 | U11: =Q11*1.5 -> 0 | V11: =Q11*2 -> 0 | W11: =H11-(H11*0.07) -> #DIV/0! | Y11: =(X11-H11)/H11 -> #DIV/0! | Z11: =F11/F$20 -> 0
F12: =E12*D12 -> 0 | H12: =G12/D12 -> #DIV/0! | I12: =F12-G12 -> 0 | J12: =E12-H12 -> #DIV/0! | L12: =DAYS360(K12,$C$1) -> 45067 | M12: =(I12/G12) -> #DIV/0! | R12: =Q12*0.93 -> 0 | T12: =Q12*1.25 -> 0 | U12: =Q12*1.5 -> 0 | V12: =Q12*2 -> 0 | W12: =H12-(H12*0.07) -> #DIV/0! | Y12: =(X12-H12)/H12 -> #DIV/0! | Z12: =F12/F$20 -> 0
F13: =E13*D13 -> 0 | H13: =G13/D13 -> #DIV/0! | I13: =F13-G13 -> 0 | J13: =E13-H13 -> #DIV/0! | L13: =DAYS360(K13,$C$1) -> 45067 | M13: =(I13/G13) -> #DIV/0! | R13: =Q13*0.93 -> 0 | T13: =Q13*1.25 -> 0 | U13: =Q13*1.5 -> 0 | V13: =Q13*2 -> 0 | W13: =H13-(H13*0.07) -> #DIV/0! | Y13: =(X13-H13)/H13 -> #DIV/0! | Z13: =F13/F$20 -> 0
F14: =E14*D14 -> 0 | H14: =G14/D14 -> #DIV/0! | I14: =F14-G14 -> 0 | J14: =E14-H14 -> #DIV/0! | L14: =DAYS360(K14,$C$1) -> 45067 | M14: =(I14/G14) -> #DIV/0! | R14: =Q14*0.93 -> 0 | T14: =Q14*1.25 -> 0 | U14: =Q14*1.5 -> 0 | V14: =Q14*2 -> 0 | W14: =H14-(H14*0.07) -> #DIV/0! | Y14: =(X14-H14)/H14 -> #DIV/0! | Z14: =F14/F$20 -> 0
F15: =E15*D15 -> 0 | H15: =G15/D15 -> #DIV/0! | I15: =F15-G15 -> 0 | J15: =E15-H15 -> #DIV/0! | L15: =DAYS360(K15,$C$1) -> 45067 | M15: =(I15/G15) -> #DIV/0! | R15: =Q15*0.93 -> 0 | T15: =Q15*1.25 -> 0 | U15: =Q15*1.5 -> 0 | V15: =Q15*2 -> 0 | W15: =H15-(H15*0.07) -> #DIV/0! | Y15: =(X15-H15)/H15 -> #DIV/0! | Z15: =F15/F$20 -> 0
F16: =E16*D16 -> 0 | H16: =G16/D16 -> #DIV/0! | I16: =F16-G16 -> 0 | J16: =E16-H16 -> #DIV/0! | L16: =DAYS360(K16,$C$1) -> 45067 | M16: =(I16/G16) -> #DIV/0! | R16: =Q16*0.93 -> 0 | T16: =Q16*1.25 -> 0 | U16: =Q16*1.5 -> 0 | V16: =Q16*2 -> 0 | W16: =H16-(H16*0.07) -> #DIV/0! | Y16: =(X16-H16)/H16 -> #DIV/0! | Z16: =F16/F$20 -> 0
F17: =E17*D17 -> 0 | H17: =G17/D17 -> #DIV/0! | I17: =F17-G17 -> 0 | J17: =E17-H17 -> #DIV/0! | L17: =DAYS360(K17,$C$1) -> 45067 | M17: =(I17/G17) -> #DIV/0! | R17: =Q17*0.93 -> 0 | T17: =Q17*1.25 -> 0 | U17: =Q17*1.5 -> 0 | V17: =Q17*2 -> 0 | W17: =H17-(H17*0.07) -> #DIV/0! | Y17: =(X17-H17)/H17 -> #DIV/0! | Z17: =F17/F$20 -> 0
A18: Sub-Total | F18: =SUM(F6:F17) -> 84185.791 | G18: =SUM(G6:G17) -> 84384.54 | I18: =SUM(I6:I17) -> -198.74861
D19: Cash, other | F19: 596900 | G19: =F19/F20 -> 0.87639473
D20: Total | F20: =SUM(F18:F19) -> 681085.79 | K20: Control acct (Doug's IRA) | M20: Today
H21: Last week's close | I21: ='02-28-25'!I21 -> 697659.15 | K21: 45657 | L21: 170762 | M21: 156485
H22: Week's change | I22: =(F20-I21)/I21 -> -0.023755662 | K22: chg % | L22: =(M21-L21)/L21 -> -0.083607594
M24: days
A25: 2025 Closed Trades - Managed Acct | D25: Qty | E25: Cost/sh | F25: $ cost | G25: $Proc | H25: Proc/sh | I25: Profit/loss | J25: % | K25: Date purch | L25: Date sold | M25: held | P25: Comments (Close on Mar 7) | S25: chg from sale
A26: APH | B26: Long | C26: Amphenol | D26: 935.0369 | E26: =F26/D26 -> 72.335006 | F26: 67635.9 | G26: 64699.88 | H26: =G26/D26 -> 69.195002 | I26: =G26-F26 -> -2936.02 | J26: =I26/F26 -> -0.043409195 | K26: 45609 | L26: 45659 | M26: =DAYS360(K26,L26) -> 49 | Q26: 62.93 | S26: =(Q26-H26)/H26 -> -0.090541248
A27: SQ | B27: Long | C27: Block | D27: 653.8238 | E27: =F27/D27 -> 90.119203 | F27: 58922.08 | G27: 54094.08 | H27: =G27/D27 -> 82.734951 | I27: =G27-F27 -> -4828 | J27: =I27/F27 -> -0.081938723 | K27: 45660 | L27: 45667 | M27: =DAYS360(K27,L27) -> 7 | Q27: 60 | S27: =(Q27-H27)/H27 -> -0.27479258 | U27: (Now XYZ)
A28: ONON | B28: Long | C28: On Holding | D28: 1263.7796 | E28: =F28/D28 -> 44.698791 | F28: 56489.42 | G28: 75501.87 | H28: =G28/D28 -> 59.742909 | I28: =G28-F28 -> 19012.45 | J28: =I28/F28 -> 0.33656656 | K28: 45527 | L28: 45688 | M28: =DAYS360(K28,L28) -> 158 | Q28: 46.66 | S28: =(Q28-H28)/H28 -> -0.21898681
A29: AGX | B29: Long | C29: Argan | D29: =347.7531+131.6951 -> 479.4482 | E29: =F29/D29 -> 169.90901 | F29: =59492.79+21969.78 -> 81462.57 | G29: 65047.58 | H29: =G29/D29 -> 135.67176 | I29: =G29-F29 -> -16414.99 | J29: =I29/F29 -> -0.20150346 | K29: 45671 | L29: 45688 | M29: =DAYS360(K29,L29) -> 17 | Q29: 113.8 | S29: =(Q29-H29)/H29 -> -0.16121084
A30: TILE | B30: Long | C30: Interface | D30: 3020.3486 | E30: =F30/D30 -> 18.70201 | F30: 56486.59 | G30: 71124.88 | H30: =G30/D30 -> 23.548567 | I30: =G30-F30 -> 14638.29 | J30: =I30/F30 -> 0.25914629 | K30: 45527 | L30: 45691 | M30: =DAYS360(K30,L30) -> 160 | Q30: 18.26 | S30: =(Q30-H30)/H30 -> -0.22458125
A31: TOST | B31: Long | C31: Toast | D31: 1436.8459 | E31: =F31/D31 -> 42.502492 | F31: =1436.8459*42.5024916 -> 61069.531 | G31: =1436.8459*38.249853 -> 54959.144 | H31: =G31/D31 -> 38.249853 | I31: =G31-F31 -> -6110.3863 | J31: =I31/F31 -> -0.10005622 | K31: 45706 | L31: 45708 | M31: =DAYS360(K31,L31) -> 2 | Q31: 34.72 | S31: =(Q31-H31)/H31 -> -0.092284093
A32: AXON | B32: Long | C32: Axon Enterprises | D32: 130.6907 | E32: =F32/D32 -> 701.32489 | F32: =130.6907*701.324893 -> 91656.641 | G32: =130.6907*531.6399528 -> 69480.398 | H32: =G32/D32 -> 531.63995 | I32: =G32-F32 -> -22176.244 | J32: =I32/F32 -> -0.24194912 | K32: 45706 | L32: 45708 | M32: =DAYS360(K32,L32) -> 2 | Q32: 526.4 | S32: =(Q32-H32)/H32 -> -0.0098562058
A33: GEV | B33: Long | C33: GE Vernova | D33: 201.9693 | E33: =F33/D33 -> 368.56522 | F33: 74438.86 | G33: =201.9693*360.5332483 -> 72816.648 | H33: =G33/D33 -> 360.53325 | I33: =G33-F33 -> -1622.2122 | J33: =I33/F33 -> -0.021792545 | K33: 45664 | L33: 45708 | M33: =DAYS360(K33,L33) -> 43 | Q33: 289.3 | S33: =(Q33-H33)/H33 -> -0.19757747
A34: OKLO | B34: Long | C34: Oklo | D34: 1255.3625 | E34: =F34/D34 -> 30.178255 | F34: 37884.65 | G34: =1255.3625*39.762296 -> 49916.095 | H34: =G34/D34 -> 39.762296 | I34: =G34-F34 -> 12031.445 | J34: =I34/F34 -> 0.31758101 | K34: 45663 | L34: 45709 | M34: =DAYS360(K34,L34) -> 45 | Q34: 26.27 | S34: =(Q34-H34)/H34 -> -0.33932387
A35: DKS | B35: Long | C35: Dicks | D35: 252.7011 | E35: =F35/D35 -> 242.26931 | F35: 61221.72 | G35: =252.7011*226.6146532 -> 57265.772 | H35: =G35/D35 -> 226.61465 | I35: =G35-F35 -> -3955.9479 | J35: =I35/F35 -> -0.064616738 | K35: 45699 | L35: 45709 | M35: =DAYS360(K35,L35) -> 10 | Q35: 214.26 | S35: =(Q35-H35)/H35 -> -0.054518333
A36: MSTR | B36: Long | C36: Microstrategy | D36: =341.2204-83.2121 -> 258.0083 | E36: =F36/D36 -> 208.11482 | F36: =71012.62-17317.27 -> 53695.35 | G36: =258.0083*283.9399945 -> 73258.875 | H36: =G36/D36 -> 283.93999 | I36: =G36-F36 -> 19563.525 | J36: =I36/F36 -> 0.36434301 | K36: 45580 | L36: 45712 | M36: =DAYS360(K36,L36) -> 129 | Q36: 287.18 | S36: =(Q36-H36)/H36 -> 0.011410881
A37: PSTG | B37: Long | C37: Pure Storage | D37: =675.2982+456.8207 -> 1132.1189 | E37: =F37/D37 -> 67.383982 | F37: =45046.15+31240.53 -> 76286.68 | G37: =1132.1189*63.3653309 -> 71737.089 | H37: =G37/D37 -> 63.365331 | I37: =G37-F37 -> -4549.5913 | J37: =I37/F37 -> -0.059638082 | K37: 45673 | L37: 45712 | M37: =DAYS360(K37,L37) -> 38 | Q37: 49.22 | S37: =(Q37-H37)/H37 -> -0.22323455
A38: IBIT | B38: Long | C38: iShares Bitcoin | D38: =939.2424+388.9544 -> 1328.1968 | E38: =F38/D38 -> 45.483433 | F38: =36992.18+23418.77 -> 60410.95 | G38: =1328.1968*50.0213805 -> 66438.238 | H38: =G38/D38 -> 50.02138 | I38: =G38-F38 -> 6027.2875 | J38: =I38/F38 -> 0.099771441 | K38: 45593 | L38: 45713 | M38: =DAYS360(K38,L38) -> 117 | Q38: 49.43 | S38: =(Q38-H38)/H38 -> -0.011822555
A39: MTRX | B39: Long | C39: Matrix Service | D39: 1628.6374 | E39: =F39/D39 -> 13.889636 | F39: 22621.18 | G39: =1628.6374*12.519992 -> 20390.527 | H39: =G39/D39 -> 12.519992 | I39: =G39-F39 -> -2230.6528 | J39: =I39/F39 -> -0.098609037 | K39: 45692 | L39: 45715 | M39: =DAYS360(K39,L39) -> 23 | Q39: 11.78 | S39: =(Q39-H39)/H39 -> -0.05910483
I43: =SUM(I26:I42) -> 6448.954 | J43: Avg
H44: # of losses | I44: 8 | J44: -0.1022
H45: # of wins | I45: 5 | J45: 0.2756

Sheet 03-14-25
C1: 45730
C3: MANAGED ACCT | X3: Current | AC3: IBD
H4: Cost | J4: P/L | N4: Group | P4: EPS | R4: pivot | S4: last | W4: cost | X4: Stop | Y4: Stop | Z4: % | AB4: EPS | AC4: Comp
A5: Symbol | B5: Position | C5: Name | D5: Qty | E5: Current | F5: Value | G5: Cost | H5: per share | I5: P/L $ | J5: per sh | K5: Date purch | L5: days held | M5: % incr | N5: Rank | O5: RS | P5: RS | Q5: pivot | R5: -0.07 | S5: low | T5: 0.25 | U5: 0.5 | V5: 1 | W5: -0.07 | X5: Loss | Y5: Loss% | Z5: of port | AB5: Due | AC5: Rank
A7: AXGN | B7: Long | C7: Axogen | D7: 2234.6065 | E7: 17.25 | F7: =E7*D7 -> 38546.962 | G7: 37971.83 | H7: =G7/D7 -> 16.992625 | I7: =F7-G7 -> 575.13212 | J7: =E7-H7 -> 0.25737512 | K7: 45652 | L7: =DAYS360(K7,$C$1) -> 78 | M7: =(I7/G7) -> 0.015146284 | N7: 110 | O7: 97 | P7: 80 | Q7: 15.9 | R7: =Q7*0.93 -> 14.787 | S7: 14 | T7: =Q7*1.25 -> 19.875 | U7: =Q7*1.5 -> 23.85 | V7: =Q7*2 -> 31.8 | W7: =H7-(H7*0.07) -> 15.803141 | X7: 15.65 | Y7: =(X7-H7)/H7 -> -0.079012212 | Z7: =F7/F$20 -> 0.056850492 | AB7: 45777 | AC7: 93
F8: =E8*D8 -> 0 | H8: =G8/D8 -> #DIV/0! | I8: =F8-G8 -> 0 | J8: =E8-H8 -> #DIV/0! | L8: =DAYS360(K8,$C$1) -> 45074 | M8: =(I8/G8) -> #DIV/0! | R8: =Q8*0.93 -> 0 | T8: =Q8*1.25 -> 0 | U8: =Q8*1.5 -> 0 | V8: =Q8*2 -> 0 | W8: =H8-(H8*0.07) -> #DIV/0! | Y8: =(X8-H8)/H8 -> #DIV/0! | Z8: =F8/F$20 -> 0
F9: =E9*D9 -> 0 | H9: =G9/D9 -> #DIV/0! | I9: =F9-G9 -> 0 | J9: =E9-H9 -> #DIV/0! | L9: =DAYS360(K9,$C$1) -> 45074 | M9: =(I9/G9) -> #DIV/0! | R9: =Q9*0.93 -> 0 | T9: =Q9*1.25 -> 0 | U9: =Q9*1.5 -> 0 | V9: =Q9*2 -> 0 | W9: =H9-(H9*0.07) -> #DIV/0! | Y9: =(X9-H9)/H9 -> #DIV/0! | Z9: =F9/F$20 -> 0
F10: =E10*D10 -> 0 | H10: =G10/D10 -> #DIV/0! | I10: =F10-G10 -> 0 | J10: =E10-H10 -> #DIV/0! | L10: =DAYS360(K10,$C$1) -> 45074 | M10: =(I10/G10) -> #DIV/0! | R10: =Q10*0.93 -> 0 | T10: =Q10*1.25 -> 0 | U10: =Q10*1.5 -> 0 | V10: =Q10*2 -> 0 | W10: =H10-(H10*0.07) -> #DIV/0! | Y10: =(X10-H10)/H10 -> #DIV/0! | Z10: =F10/F$20 -> 0
F11: =E11*D11 -> 0 | H11: =G11/D11 -> #DIV/0! | I11: =F11-G11 -> 0 | J11: =E11-H11 -> #DIV/0! | L11: =DAYS360(K11,$C$1) -> 45074 | M11: =(I11/G11) -> #DIV/0! | R11: =Q11*0.93 -> 0 | T11: =Q11*1.25 -> 0 | U11: =Q11*1.5 -> 0 | V11: =Q11*2 -> 0 | W11: =H11-(H11*0.07) -> #DIV/0! | Y11: =(X11-H11)/H11 -> #DIV/0! | Z11: =F11/F$20 -> 0
F12: =E12*D12 -> 0 | H12: =G12/D12 -> #DIV/0! | I12: =F12-G12 -> 0 | J12: =E12-H12 -> #DIV/0! | L12: =DAYS360(K12,$C$1) -> 45074 | M12: =(I12/G12) -> #DIV/0! | R12: =Q12*0.93 -> 0 | T12: =Q12*1.25 -> 0 | U12: =Q12*1.5 -> 0 | V12: =Q12*2 -> 0 | W12: =H12-(H12*0.07) -> #DIV/0! | Y12: =(X12-H12)/H12 -> #DIV/0! | Z12: =F12/F$20 -> 0
F13: =E13*D13 -> 0 | H13: =G13/D13 -> #DIV/0! | I13: =F13-G13 -> 0 | J13: =E13-H13 -> #DIV/0! | L13: =DAYS360(K13,$C$1) -> 45074 | M13: =(I13/G13) -> #DIV/0! | R13: =Q13*0.93 -> 0 | T13: =Q13*1.25 -> 0 | U13: =Q13*1.5 -> 0 | V13: =Q13*2 -> 0 | W13: =H13-(H13*0.07) -> #DIV/0! | Y13: =(X13-H13)/H13 -> #DIV/0! | Z13: =F13/F$20 -> 0
F14: =E14*D14 -> 0 | H14: =G14/D14 -> #DIV/0! | I14: =F14-G14 -> 0 | J14: =E14-H14 -> #DIV/0! | L14: =DAYS360(K14,$C$1) -> 45074 | M14: =(I14/G14) -> #DIV/0! | R14: =Q14*0.93 -> 0 | T14: =Q14*1.25 -> 0 | U14: =Q14*1.5 -> 0 | V14: =Q14*2 -> 0 | W14: =H14-(H14*0.07) -> #DIV/0! | Y14: =(X14-H14)/H14 -> #DIV/0! | Z14: =F14/F$20 -> 0
F15: =E15*D15 -> 0 | H15: =G15/D15 -> #DIV/0! | I15: =F15-G15 -> 0 | J15: =E15-H15 -> #DIV/0! | L15: =DAYS360(K15,$C$1) -> 45074 | M15: =(I15/G15) -> #DIV/0! | R15: =Q15*0.93 -> 0 | T15: =Q15*1.25 -> 0 | U15: =Q15*1.5 -> 0 | V15: =Q15*2 -> 0 | W15: =H15-(H15*0.07) -> #DIV/0! | Y15: =(X15-H15)/H15 -> #DIV/0! | Z15: =F15/F$20 -> 0
F16: =E16*D16 -> 0 | H16: =G16/D16 -> #DIV/0! | I16: =F16-G16 -> 0 | J16: =E16-H16 -> #DIV/0! | L16: =DAYS360(K16,$C$1) -> 45074 | M16: =(I16/G16) -> #DIV/0! | R16: =Q16*0.93 -> 0 | T16: =Q16*1.25 -> 0 | U16: =Q16*1.5 -> 0 | V16: =Q16*2 -> 0 | W16: =H16-(H16*0.07) -> #DIV/0! | Y16: =(X16-H16)/H16 -> #DIV/0! | Z16: =F16/F$20 -> 0
F17: =E17*D17 -> 0 | H17: =G17/D17 -> #DIV/0! | I17: =F17-G17 -> 0 | J17: =E17-H17 -> #DIV/0! | L17: =DAYS360(K17,$C$1) -> 45074 | M17: =(I17/G17) -> #DIV/0! | R17: =Q17*0.93 -> 0 | T17: =Q17*1.25 -> 0 | U17: =Q17*1.5 -> 0 | V17: =Q17*2 -> 0 | W17: =H17-(H17*0.07) -> #DIV/0! | Y17: =(X17-H17)/H17 -> #DIV/0! | Z17: =F17/F$20 -> 0
A18: Sub-Total | F18: =SUM(F6:F17) -> 38546.962 | G18: =SUM(G6:G17) -> 37971.83 | I18: =SUM(I6:I17) -> 575.13212
D19: Cash, other | F19: =597832+41662 -> 639494 | G19: =F19/F20 -> 0.94314951
D20: Total | F20: =SUM(F18:F19) -> 678040.96 | K20: Control acct (Doug's IRA) | M20: Today
H21: Last week's close | I21: ='03-07-25'!F20 -> 681085.79 | K21: 45657 | L21: 170762 | M21: 156482
H22: Week's change | I22: =(F20-I21)/I21 -> -0.0044705517 | K22: chg % | L22: =(M21-L21)/L21 -> -0.083625163
M24: days
A25: 2025 Closed Trades - Managed Acct | D25: Qty | E25: Cost/sh | F25: $ cost | G25: $Proc | H25: Proc/sh | I25: Profit/loss | J25: % | K25: Date purch | L25: Date sold | M25: held | P25: Comments (Close on Mar 7) | S25: chg from sale
A26: APH | B26: Long | C26: Amphenol | D26: 935.0369 | E26: =F26/D26 -> 72.335006 | F26: 67635.9 | G26: 64699.88 | H26: =G26/D26 -> 69.195002 | I26: =G26-F26 -> -2936.02 | J26: =I26/F26 -> -0.043409195 | K26: 45609 | L26: 45659 | M26: =DAYS360(K26,L26) -> 49 | Q26: 62.93 | S26: =(Q26-H26)/H26 -> -0.090541248
A27: SQ | B27: Long | C27: Block | D27: 653.8238 | E27: =F27/D27 -> 90.119203 | F27: 58922.08 | G27: 54094.08 | H27: =G27/D27 -> 82.734951 | I27: =G27-F27 -> -4828 | J27: =I27/F27 -> -0.081938723 | K27: 45660 | L27: 45667 | M27: =DAYS360(K27,L27) -> 7 | Q27: 60 | S27: =(Q27-H27)/H27 -> -0.27479258 | U27: (Now XYZ)
A28: ONON | B28: Long | C28: On Holding | D28: 1263.7796 | E28: =F28/D28 -> 44.698791 | F28: 56489.42 | G28: 75501.87 | H28: =G28/D28 -> 59.742909 | I28: =G28-F28 -> 19012.45 | J28: =I28/F28 -> 0.33656656 | K28: 45527 | L28: 45688 | M28: =DAYS360(K28,L28) -> 158 | Q28: 46.66 | S28: =(Q28-H28)/H28 -> -0.21898681
A29: AGX | B29: Long | C29: Argan | D29: =347.7531+131.6951 -> 479.4482 | E29: =F29/D29 -> 169.90901 | F29: =59492.79+21969.78 -> 81462.57 | G29: 65047.58 | H29: =G29/D29 -> 135.67176 | I29: =G29-F29 -> -16414.99 | J29: =I29/F29 -> -0.20150346 | K29: 45671 | L29: 45688 | M29: =DAYS360(K29,L29) -> 17 | Q29: 113.8 | S29: =(Q29-H29)/H29 -> -0.16121084
A30: TILE | B30: Long | C30: Interface | D30: 3020.3486 | E30: =F30/D30 -> 18.70201 | F30: 56486.59 | G30: 71124.88 | H30: =G30/D30 -> 23.548567 | I30: =G30-F30 -> 14638.29 | J30: =I30/F30 -> 0.25914629 | K30: 45527 | L30: 45691 | M30: =DAYS360(K30,L30) -> 160 | Q30: 18.26 | S30: =(Q30-H30)/H30 -> -0.22458125
A31: TOST | B31: Long | C31: Toast | D31: 1436.8459 | E31: =F31/D31 -> 42.502492 | F31: =1436.8459*42.5024916 -> 61069.531 | G31: =1436.8459*38.249853 -> 54959.144 | H31: =G31/D31 -> 38.249853 | I31: =G31-F31 -> -6110.3863 | J31: =I31/F31 -> -0.10005622 | K31: 45706 | L31: 45708 | M31: =DAYS360(K31,L31) -> 2 | Q31: 34.72 | S31: =(Q31-H31)/H31 -> -0.092284093
A32: AXON | B32: Long | C32: Axon Enterprises | D32: 130.6907 | E32: =F32/D32 -> 701.32489 | F32: =130.6907*701.324893 -> 91656.641 | G32: =130.6907*531.6399528 -> 69480.398 | H32: =G32/D32 -> 531.63995 | I32: =G32-F32 -> -22176.244 | J32: =I32/F32 -> -0.24194912 | K32: 45706 | L32: 45708 | M32: =DAYS360(K32,L32) -> 2 | Q32: 526.4 | S32: =(Q32-H32)/H32 -> -0.0098562058
A33: GEV | B33: Long | C33: GE Vernova | D33: 201.9693 | E33: =F33/D33 -> 368.56522 | F33: 74438.86 | G33: =201.9693*360.5332483 -> 72816.648 | H33: =G33/D33 -> 360.53325 | I33: =G33-F33 -> -1622.2122 | J33: =I33/F33 -> -0.021792545 | K33: 45664 | L33: 45708 | M33: =DAYS360(K33,L33) -> 43 | Q33: 289.3 | S33: =(Q33-H33)/H33 -> -0.19757747
A34: OKLO | B34: Long | C34: Oklo | D34: 1255.3625 | E34: =F34/D34 -> 30.178255 | F34: 37884.65 | G34: =1255.3625*39.762296 -> 49916.095 | H34: =G34/D34 -> 39.762296 | I34: =G34-F34 -> 12031.445 | J34: =I34/F34 -> 0.31758101 | K34: 45663 | L34: 45709 | M34: =DAYS360(K34,L34) -> 45 | Q34: 26.27 | S34: =(Q34-H34)/H34 -> -0.33932387
A35: DKS | B35: Long | C35: Dicks | D35: 252.7011 | E35: =F35/D35 -> 242.26931 | F35: 61221.72 | G35: =252.7011*226.6146532 -> 57265.772 | H35: =G35/D35 -> 226.61465 | I35: =G35-F35 -> -3955.9479 | J35: =I35/F35 -> -0.064616738 | K35: 45699 | L35: 45709 | M35: =DAYS360(K35,L35) -> 10 | Q35: 214.26 | S35: =(Q35-H35)/H35 -> -0.054518333
A36: MSTR | B36: Long | C36: Microstrategy | D36: =341.2204-83.2121 -> 258.0083 | E36: =F36/D36 -> 208.11482 | F36: =71012.62-17317.27 -> 53695.35 | G36: =258.0083*283.9399945 -> 73258.875 | H36: =G36/D36 -> 283.93999 | I36: =G36-F36 -> 19563.525 | J36: =I36/F36 -> 0.36434301 | K36: 45580 | L36: 45712 | M36: =DAYS360(K36,L36) -> 129 | Q36: 287.18 | S36: =(Q36-H36)/H36 -> 0.011410881
A37: PSTG | B37: Long | C37: Pure Storage | D37: =675.2982+456.8207 -> 1132.1189 | E37: =F37/D37 -> 67.383982 | F37: =45046.15+31240.53 -> 76286.68 | G37: =1132.1189*63.3653309 -> 71737.089 | H37: =G37/D37 -> 63.365331 | I37: =G37-F37 -> -4549.5913 | J37: =I37/F37 -> -0.059638082 | K37: 45673 | L37: 45712 | M37: =DAYS360(K37,L37) -> 38 | Q37: 49.22 | S37: =(Q37-H37)/H37 -> -0.22323455
A38: IBIT | B38: Long | C38: iShares Bitcoin | D38: =939.2424+388.9544 -> 1328.1968 | E38: =F38/D38 -> 45.483433 | F38: =36992.18+23418.77 -> 60410.95 | G38: =1328.1968*50.0213805 -> 66438.238 | H38: =G38/D38 -> 50.02138 | I38: =G38-F38 -> 6027.2875 | J38: =I38/F38 -> 0.099771441 | K38: 45593 | L38: 45713 | M38: =DAYS360(K38,L38) -> 117 | Q38: 49.43 | S38: =(Q38-H38)/H38 -> -0.011822555
A39: MTRX | B39: Long | C39: Matrix Service | D39: 1628.6374 | E39: =F39/D39 -> 13.889636 | F39: 22621.18 | G39: =1628.6374*12.519992 -> 20390.527 | H39: =G39/D39 -> 12.519992 | I39: =G39-F39 -> -2230.6528 | J39: =I39/F39 -> -0.098609037 | K39: 45692 | L39: 45715 | M39: =DAYS360(K39,L39) -> 23 | Q39: 11.78 | S39: =(Q39-H39)/H39 -> -0.05910483
A40: FTNT | B40: Long | C40: Fortinet | D40: 440.0298 | E40: =F40/D40 -> 105.47629 | F40: 46412.71 | G40: =440.0298*94.6799953 -> 41662.019 | H40: =G40/D40 -> 94.679995 | I40: =G40-F40 -> -4750.6906 | J40: =I40/F40 -> -0.10235754 | K40: 45695 | L40: 45729 | M40: =DAYS360(K40,L40) -> 36
I43: =SUM(I26:I42) -> 1698.2634 | J43: Avg
H44: # of losses | I44: 9 | J44: -0.1022
H45: # of wins | I45: 5 | J45: 0.2756

Sheet 03-21-25
C1: 45737
C3: MANAGED ACCT | X3: Current | AC3: IBD
H4: Cost | J4: P/L | N4: Group | P4: EPS | R4: pivot | S4: last | W4: cost | X4: Stop | Y4: Stop | Z4: % | AB4: EPS | AC4: Comp
A5: Symbol | B5: Position | C5: Name | D5: Qty | E5: Current | F5: Value | G5: Cost | H5: per share | I5: P/L $ | J5: per sh | K5: Date purch | L5: days held | M5: % incr | N5: Rank | O5: RS | P5: RS | Q5: pivot | R5: -0.07 | S5: low | T5: 0.25 | U5: 0.5 | V5: 1 | W5: -0.07 | X5: Loss | Y5: Loss% | Z5: of port | AB5: Due | AC5: Rank
A7: AXGN | B7: Long | C7: Axogen | D7: 2234.6065 | E7: 17.72 | F7: =E7*D7 -> 39597.227 | G7: 37971.83 | H7: =G7/D7 -> 16.992625 | I7: =F7-G7 -> 1625.3972 | J7: =E7-H7 -> 0.72737512 | K7: 45652 | L7: =DAYS360(K7,$C$1) -> 85 | M7: =(I7/G7) -> 0.042805342 | N7: 110 | O7: 97 | P7: 80 | Q7: 15.9 | R7: =Q7*0.93 -> 14.787 | S7: 14 | T7: =Q7*1.25 -> 19.875 | U7: =Q7*1.5 -> 23.85 | V7: =Q7*2 -> 31.8 | W7: =H7-(H7*0.07) -> 15.803141 | X7: 16.5 | Y7: =(X7-H7)/H7 -> -0.028990511 | Z7: =F7/F$20 -> 0.058309744 | AB7: 45777 | AC7: 94
F8: =E8*D8 -> 0 | H8: =G8/D8 -> #DIV/0! | I8: =F8-G8 -> 0 | J8: =E8-H8 -> #DIV/0! | L8: =DAYS360(K8,$C$1) -> 45081 | M8: =(I8/G8) -> #DIV/0! | R8: =Q8*0.93 -> 0 | T8: =Q8*1.25 -> 0 | U8: =Q8*1.5 -> 0 | V8: =Q8*2 -> 0 | W8: =H8-(H8*0.07) -> #DIV/0! | Y8: =(X8-H8)/H8 -> #DIV/0! | Z8: =F8/F$20 -> 0
F9: =E9*D9 -> 0 | H9: =G9/D9 -> #DIV/0! | I9: =F9-G9 -> 0 | J9: =E9-H9 -> #DIV/0! | L9: =DAYS360(K9,$C$1) -> 45081 | M9: =(I9/G9) -> #DIV/0! | R9: =Q9*0.93 -> 0 | T9: =Q9*1.25 -> 0 | U9: =Q9*1.5 -> 0 | V9: =Q9*2 -> 0 | W9: =H9-(H9*0.07) -> #DIV/0! | Y9: =(X9-H9)/H9 -> #DIV/0! | Z9: =F9/F$20 -> 0
F10: =E10*D10 -> 0 | H10: =G10/D10 -> #DIV/0! | I10: =F10-G10 -> 0 | J10: =E10-H10 -> #DIV/0! | L10: =DAYS360(K10,$C$1) -> 45081 | M10: =(I10/G10) -> #DIV/0! | R10: =Q10*0.93 -> 0 | T10: =Q10*1.25 -> 0 | U10: =Q10*1.5 -> 0 | V10: =Q10*2 -> 0 | W10: =H10-(H10*0.07) -> #DIV/0! | Y10: =(X10-H10)/H10 -> #DIV/0! | Z10: =F10/F$20 -> 0
F11: =E11*D11 -> 0 | H11: =G11/D11 -> #DIV/0! | I11: =F11-G11 -> 0 | J11: =E11-H11 -> #DIV/0! | L11: =DAYS360(K11,$C$1) -> 45081 | M11: =(I11/G11) -> #DIV/0! | R11: =Q11*0.93 -> 0 | T11: =Q11*1.25 -> 0 | U11: =Q11*1.5 -> 0 | V11: =Q11*2 -> 0 | W11: =H11-(H11*0.07) -> #DIV/0! | Y11: =(X11-H11)/H11 -> #DIV/0! | Z11: =F11/F$20 -> 0
F12: =E12*D12 -> 0 | H12: =G12/D12 -> #DIV/0! | I12: =F12-G12 -> 0 | J12: =E12-H12 -> #DIV/0! | L12: =DAYS360(K12,$C$1) -> 45081 | M12: =(I12/G12) -> #DIV/0! | R12: =Q12*0.93 -> 0 | T12: =Q12*1.25 -> 0 | U12: =Q12*1.5 -> 0 | V12: =Q12*2 -> 0 | W12: =H12-(H12*0.07) -> #DIV/0! | Y12: =(X12-H12)/H12 -> #DIV/0! | Z12: =F12/F$20 -> 0
F13: =E13*D13 -> 0 | H13: =G13/D13 -> #DIV/0! | I13: =F13-G13 -> 0 | J13: =E13-H13 -> #DIV/0! | L13: =DAYS360(K13,$C$1) -> 45081 | M13: =(I13/G13) -> #DIV/0! | R13: =Q13*0.93 -> 0 | T13: =Q13*1.25 -> 0 | U13: =Q13*1.5 -> 0 | V13: =Q13*2 -> 0 | W13: =H13-(H13*0.07) -> #DIV/0! | Y13: =(X13-H13)/H13 -> #DIV/0! | Z13: =F13/F$20 -> 0
F14: =E14*D14 -> 0 | H14: =G14/D14 -> #DIV/0! | I14: =F14-G14 -> 0 | J14: =E14-H14 -> #DIV/0! | L14: =DAYS360(K14,$C$1) -> 45081 | M14: =(I14/G14) -> #DIV/0! | R14: =Q14*0.93 -> 0 | T14: =Q14*1.25 -> 0 | U14: =Q14*1.5 -> 0 | V14: =Q14*2 -> 0 | W14: =H14-(H14*0.07) -> #DIV/0! | Y14: =(X14-H14)/H14 -> #DIV/0! | Z14: =F14/F$20 -> 0
F15: =E15*D15 -> 0 | H15: =G15/D15 -> #DIV/0! | I15: =F15-G15 -> 0 | J15: =E15-H15 -> #DIV/0! | L15: =DAYS360(K15,$C$1) -> 45081 | M15: =(I15/G15) -> #DIV/0! | R15: =Q15*0.93 -> 0 | T15: =Q15*1.25 -> 0 | U15: =Q15*1.5 -> 0 | V15: =Q15*2 -> 0 | W15: =H15-(H15*0.07) -> #DIV/0! | Y15: =(X15-H15)/H15 -> #DIV/0! | Z15: =F15/F$20 -> 0
F16: =E16*D16 -> 0 | H16: =G16/D16 -> #DIV/0! | I16: =F16-G16 -> 0 | J16: =E16-H16 -> #DIV/0! | L16: =DAYS360(K16,$C$1) -> 45081 | M16: =(I16/G16) -> #DIV/0! | R16: =Q16*0.93 -> 0 | T16: =Q16*1.25 -> 0 | U16: =Q16*1.5 -> 0 | V16: =Q16*2 -> 0 | W16: =H16-(H16*0.07) -> #DIV/0! | Y16: =(X16-H16)/H16 -> #DIV/0! | Z16: =F16/F$20 -> 0
F17: =E17*D17 -> 0 | H17: =G17/D17 -> #DIV/0! | I17: =F17-G17 -> 0 | J17: =E17-H17 -> #DIV/0! | L17: =DAYS360(K17,$C$1) -> 45081 | M17: =(I17/G17) -> #DIV/0! | R17: =Q17*0.93 -> 0 | T17: =Q17*1.25 -> 0 | U17: =Q17*1.5 -> 0 | V17: =Q17*2 -> 0 | W17: =H17-(H17*0.07) -> #DIV/0! | Y17: =(X17-H17)/H17 -> #DIV/0! | Z17: =F17/F$20 -> 0
A18: Sub-Total | F18: =SUM(F6:F17) -> 39597.227 | G18: =SUM(G6:G17) -> 37971.83 | I18: =SUM(I6:I17) -> 1625.3972
D19: Cash, other | F19: 639487 | G19: =F19/F20 -> 0.94169026
D20: Total | F20: =SUM(F18:F19) -> 679084.23 | K20: Control acct (Doug's IRA) | M20: Today
H21: Last week's close | I21: ='03-14-25'!F20 -> 678040.96 | K21: 45657 | L21: 170762 | M21: 157852
H22: Week's change | I22: =(F20-I21)/I21 -> 0.0015386461 | K22: chg % | L22: =(M21-L21)/L21 -> -0.0756023
M24: days
A25: 2025 Closed Trades - Managed Acct | D25: Qty | E25: Cost/sh | F25: $ cost | G25: $Proc | H25: Proc/sh | I25: Profit/loss | J25: % | K25: Date purch | L25: Date sold | M25: held | P25: Comments (Close on Mar 21) | S25: chg from sale
A26: APH | B26: Long | C26: Amphenol | D26: 935.0369 | E26: =F26/D26 -> 72.335006 | F26: 67635.9 | G26: 64699.88 | H26: =G26/D26 -> 69.195002 | I26: =G26-F26 -> -2936.02 | J26: =I26/F26 -> -0.043409195 | K26: 45609 | L26: 45659 | M26: =DAYS360(K26,L26) -> 49 | Q26: 66.6 | S26: =(Q26-H26)/H26 -> -0.037502735
A27: SQ | B27: Long | C27: Block | D27: 653.8238 | E27: =F27/D27 -> 90.119203 | F27: 58922.08 | G27: 54094.08 | H27: =G27/D27 -> 82.734951 | I27: =G27-F27 -> -4828 | J27: =I27/F27 -> -0.081938723 | K27: 45660 | L27: 45667 | M27: =DAYS360(K27,L27) -> 7 | Q27: 61.11 | S27: =(Q27-H27)/H27 -> -0.26137625 | U27: (Now XYZ)
A28: ONON | B28: Long | C28: On Holding | D28: 1263.7796 | E28: =F28/D28 -> 44.698791 | F28: 56489.42 | G28: 75501.87 | H28: =G28/D28 -> 59.742909 | I28: =G28-F28 -> 19012.45 | J28: =I28/F28 -> 0.33656656 | K28: 45527 | L28: 45688 | M28: =DAYS360(K28,L28) -> 158 | Q28: 46.25 | S28: =(Q28-H28)/H28 -> -0.22584955
A29: AGX | B29: Long | C29: Argan | D29: =347.7531+131.6951 -> 479.4482 | E29: =F29/D29 -> 169.90901 | F29: =59492.79+21969.78 -> 81462.57 | G29: 65047.58 | H29: =G29/D29 -> 135.67176 | I29: =G29-F29 -> -16414.99 | J29: =I29/F29 -> -0.20150346 | K29: 45671 | L29: 45688 | M29: =DAYS360(K29,L29) -> 17 | Q29: 120.6 | S29: =(Q29-H29)/H29 -> -0.11108987
A30: TILE | B30: Long | C30: Interface | D30: 3020.3486 | E30: =F30/D30 -> 18.70201 | F30: 56486.59 | G30: 71124.88 | H30: =G30/D30 -> 23.548567 | I30: =G30-F30 -> 14638.29 | J30: =I30/F30 -> 0.25914629 | K30: 45527 | L30: 45691 | M30: =DAYS360(K30,L30) -> 160 | Q30: 19.74 | S30: =(Q30-H30)/H30 -> -0.16173242
A31: TOST | B31: Long | C31: Toast | D31: 1436.8459 | E31: =F31/D31 -> 42.502492 | F31: =1436.8459*42.5024916 -> 61069.531 | G31: =1436.8459*38.249853 -> 54959.144 | H31: =G31/D31 -> 38.249853 | I31: =G31-F31 -> -6110.3863 | J31: =I31/F31 -> -0.10005622 | K31: 45706 | L31: 45708 | M31: =DAYS360(K31,L31) -> 2 | Q31: 35.19 | S31: =(Q31-H31)/H31 -> -0.079996464
A32: AXON | B32: Long | C32: Axon Enterprises | D32: 130.6907 | E32: =F32/D32 -> 701.32489 | F32: =130.6907*701.324893 -> 91656.641 | G32: =130.6907*531.6399528 -> 69480.398 | H32: =G32/D32 -> 531.63995 | I32: =G32-F32 -> -22176.244 | J32: =I32/F32 -> -0.24194912 | K32: 45706 | L32: 45708 | M32: =DAYS360(K32,L32) -> 2 | Q32: 560 | S32: =(Q32-H32)/H32 -> 0.053344462
A33: GEV | B33: Long | C33: GE Vernova | D33: 201.9693 | E33: =F33/D33 -> 368.56522 | F33: 74438.86 | G33: =201.9693*360.5332483 -> 72816.648 | H33: =G33/D33 -> 360.53325 | I33: =G33-F33 -> -1622.2122 | J33: =I33/F33 -> -0.021792545 | K33: 45664 | L33: 45708 | M33: =DAYS360(K33,L33) -> 43 | Q33: 333.87 | S33: =(Q33-H33)/H33 -> -0.073955033
A34: OKLO | B34: Long | C34: Oklo | D34: 1255.3625 | E34: =F34/D34 -> 30.178255 | F34: 37884.65 | G34: =1255.3625*39.762296 -> 49916.095 | H34: =G34/D34 -> 39.762296 | I34: =G34-F34 -> 12031.445 | J34: =I34/F34 -> 0.31758101 | K34: 45663 | L34: 45709 | M34: =DAYS360(K34,L34) -> 45 | Q34: 27.16 | S34: =(Q34-H34)/H34 -> -0.31694085
A35: DKS | B35: Long | C35: Dicks | D35: 252.7011 | E35: =F35/D35 -> 242.26931 | F35: 61221.72 | G35: =252.7011*226.6146532 -> 57265.772 | H35: =G35/D35 -> 226.61465 | I35: =G35-F35 -> -3955.9479 | J35: =I35/F35 -> -0.064616738 | K35: 45699 | L35: 45709 | M35: =DAYS360(K35,L35) -> 10 | Q35: 195.45 | S35: =(Q35-H35)/H35 -> -0.13752267
A36: MSTR | B36: Long | C36: Microstrategy | D36: =341.2204-83.2121 -> 258.0083 | E36: =F36/D36 -> 208.11482 | F36: =71012.62-17317.27 -> 53695.35 | G36: =258.0083*283.9399945 -> 73258.875 | H36: =G36/D36 -> 283.93999 | I36: =G36-F36 -> 19563.525 | J36: =I36/F36 -> 0.36434301 | K36: 45580 | L36: 45712 | M36: =DAYS360(K36,L36) -> 129 | Q36: 304 | S36: =(Q36-H36)/H36 -> 0.070648749
A37: PSTG | B37: Long | C37: Pure Storage | D37: =675.2982+456.8207 -> 1132.1189 | E37: =F37/D37 -> 67.383982 | F37: =45046.15+31240.53 -> 76286.68 | G37: =1132.1189*63.3653309 -> 71737.089 | H37: =G37/D37 -> 63.365331 | I37: =G37-F37 -> -4549.5913 | J37: =I37/F37 -> -0.059638082 | K37: 45673 | L37: 45712 | M37: =DAYS360(K37,L37) -> 38 | Q37: 51.15 | S37: =(Q37-H37)/H37 -> -0.19277625
A38: IBIT | B38: Long | C38: iShares Bitcoin | D38: =939.2424+388.9544 -> 1328.1968 | E38: =F38/D38 -> 45.483433 | F38: =36992.18+23418.77 -> 60410.95 | G38: =1328.1968*50.0213805 -> 66438.238 | H38: =G38/D38 -> 50.02138 | I38: =G38-F38 -> 6027.2875 | J38: =I38/F38 -> 0.099771441 | K38: 45593 | L38: 45713 | M38: =DAYS360(K38,L38) -> 117 | Q38: 47.7 | S38: =(Q38-H38)/H38 -> -0.046407766
A39: MTRX | B39: Long | C39: Matrix Service | D39: 1628.6374 | E39: =F39/D39 -> 13.889636 | F39: 22621.18 | G39: =1628.6374*12.519992 -> 20390.527 | H39: =G39/D39 -> 12.519992 | I39: =G39-F39 -> -2230.6528 | J39: =I39/F39 -> -0.098609037 | K39: 45692 | L39: 45715 | M39: =DAYS360(K39,L39) -> 23 | Q39: 12.49 | S39: =(Q39-H39)/H39 -> -0.0023955287
A40: FTNT | B40: Long | C40: Fortinet | D40: 440.0298 | E40: =F40/D40 -> 105.47629 | F40: 46412.71 | G40: =440.0298*94.6799953 -> 41662.019 | H40: =G40/D40 -> 94.679995 | I40: =G40-F40 -> -4750.6906 | J40: =I40/F40 -> -0.10235754 | K40: 45695 | L40: 45729 | M40: =DAYS360(K40,L40) -> 36 | Q40: 98.64 | S40: =(Q40-H40)/H40 -> 0.041825147
I43: =SUM(I26:I42) -> 1698.2634 | J43: Avg
H44: # of losses | I44: 9 | J44: -0.1022
H45: # of wins | I45: 5 | J45: 0.2756

Sheet 03-28-25
C1: 45744
C3: MANAGED ACCT | X3: Current | AC3: IBD
H4: Cost | J4: P/L | N4: Group | P4: EPS | R4: pivot | S4: last | W4: cost | X4: Stop | Y4: Stop | Z4: % | AB4: EPS | AC4: Comp
A5: Symbol | B5: Position | C5: Name | D5: Qty | E5: Current | F5: Value | G5: Cost | H5: per share | I5: P/L $ | J5: per sh | K5: Date purch | L5: days held | M5: % incr | N5: Rank | O5: RS | P5: RS | Q5: pivot | R5: -0.07 | S5: low | T5: 0.25 | U5: 0.5 | V5: 1 | W5: -0.07 | X5: Loss | Y5: Loss% | Z5: of port | AB5: Due | AC5: Rank
A7: AXGN | B7: Long | C7: Axogen | D7: 2234.6065 | E7: 18.36 | F7: =E7*D7 -> 41027.375 | G7: 37971.83 | H7: =G7/D7 -> 16.992625 | I7: =F7-G7 -> 3055.5453 | J7: =E7-H7 -> 1.3673751 | K7: 45652 | L7: =DAYS360(K7,$C$1) -> 92 | M7: =(I7/G7) -> 0.080468741 | N7: 74 | O7: 98 | P7: 80 | Q7: 15.9 | R7: =Q7*0.93 -> 14.787 | S7: 14 | T7: =Q7*1.25 -> 19.875 | U7: =Q7*1.5 -> 23.85 | V7: =Q7*2 -> 31.8 | W7: =H7-(H7*0.07) -> 15.803141 | X7: 16.5 | Y7: =(X7-H7)/H7 -> -0.028990511 | Z7: =F7/F$20 -> 0.060288771 | AB7: 45777 | AC7: 95
F8: =E8*D8 -> 0 | H8: =G8/D8 -> #DIV/0! | I8: =F8-G8 -> 0 | J8: =E8-H8 -> #DIV/0! | L8: =DAYS360(K8,$C$1) -> 45088 | M8: =(I8/G8) -> #DIV/0! | R8: =Q8*0.93 -> 0 | T8: =Q8*1.25 -> 0 | U8: =Q8*1.5 -> 0 | V8: =Q8*2 -> 0 | W8: =H8-(H8*0.07) -> #DIV/0! | Y8: =(X8-H8)/H8 -> #DIV/0! | Z8: =F8/F$20 -> 0
F9: =E9*D9 -> 0 | H9: =G9/D9 -> #DIV/0! | I9: =F9-G9 -> 0 | J9: =E9-H9 -> #DIV/0! | L9: =DAYS360(K9,$C$1) -> 45088 | M9: =(I9/G9) -> #DIV/0! | R9: =Q9*0.93 -> 0 | T9: =Q9*1.25 -> 0 | U9: =Q9*1.5 -> 0 | V9: =Q9*2 -> 0 | W9: =H9-(H9*0.07) -> #DIV/0! | Y9: =(X9-H9)/H9 -> #DIV/0! | Z9: =F9/F$20 -> 0
F10: =E10*D10 -> 0 | H10: =G10/D10 -> #DIV/0! | I10: =F10-G10 -> 0 | J10: =E10-H10 -> #DIV/0! | L10: =DAYS360(K10,$C$1) -> 45088 | M10: =(I10/G10) -> #DIV/0! | R10: =Q10*0.93 -> 0 | T10: =Q10*1.25 -> 0 | U10: =Q10*1.5 -> 0 | V10: =Q10*2 -> 0 | W10: =H10-(H10*0.07) -> #DIV/0! | Y10: =(X10-H10)/H10 -> #DIV/0! | Z10: =F10/F$20 -> 0
F11: =E11*D11 -> 0 | H11: =G11/D11 -> #DIV/0! | I11: =F11-G11 -> 0 | J11: =E11-H11 -> #DIV/0! | L11: =DAYS360(K11,$C$1) -> 45088 | M11: =(I11/G11) -> #DIV/0! | R11: =Q11*0.93 -> 0 | T11: =Q11*1.25 -> 0 | U11: =Q11*1.5 -> 0 | V11: =Q11*2 -> 0 | W11: =H11-(H11*0.07) -> #DIV/0! | Y11: =(X11-H11)/H11 -> #DIV/0! | Z11: =F11/F$20 -> 0
F12: =E12*D12 -> 0 | H12: =G12/D12 -> #DIV/0! | I12: =F12-G12 -> 0 | J12: =E12-H12 -> #DIV/0! | L12: =DAYS360(K12,$C$1) -> 45088 | M12: =(I12/G12) -> #DIV/0! | R12: =Q12*0.93 -> 0 | T12: =Q12*1.25 -> 0 | U12: =Q12*1.5 -> 0 | V12: =Q12*2 -> 0 | W12: =H12-(H12*0.07) -> #DIV/0! | Y12: =(X12-H12)/H12 -> #DIV/0! | Z12: =F12/F$20 -> 0
F13: =E13*D13 -> 0 | H13: =G13/D13 -> #DIV/0! | I13: =F13-G13 -> 0 | J13: =E13-H13 -> #DIV/0! | L13: =DAYS360(K13,$C$1) -> 45088 | M13: =(I13/G13) -> #DIV/0! | R13: =Q13*0.93 -> 0 | T13: =Q13*1.25 -> 0 | U13: =Q13*1.5 -> 0 | V13: =Q13*2 -> 0 | W13: =H13-(H13*0.07) -> #DIV/0! | Y13: =(X13-H13)/H13 -> #DIV/0! | Z13: =F13/F$20 -> 0
F14: =E14*D14 -> 0 | H14: =G14/D14 -> #DIV/0! | I14: =F14-G14 -> 0 | J14: =E14-H14 -> #DIV/0! | L14: =DAYS360(K14,$C$1) -> 45088 | M14: =(I14/G14) -> #DIV/0! | R14: =Q14*0.93 -> 0 | T14: =Q14*1.25 -> 0 | U14: =Q14*1.5 -> 0 | V14: =Q14*2 -> 0 | W14: =H14-(H14*0.07) -> #DIV/0! | Y14: =(X14-H14)/H14 -> #DIV/0! | Z14: =F14/F$20 -> 0
F15: =E15*D15 -> 0 | H15: =G15/D15 -> #DIV/0! | I15: =F15-G15 -> 0 | J15: =E15-H15 -> #DIV/0! | L15: =DAYS360(K15,$C$1) -> 45088 | M15: =(I15/G15) -> #DIV/0! | R15: =Q15*0.93 -> 0 | T15: =Q15*1.25 -> 0 | U15: =Q15*1.5 -> 0 | V15: =Q15*2 -> 0 | W15: =H15-(H15*0.07) -> #DIV/0! | Y15: =(X15-H15)/H15 -> #DIV/0! | Z15: =F15/F$20 -> 0
F16: =E16*D16 -> 0 | H16: =G16/D16 -> #DIV/0! | I16: =F16-G16 -> 0 | J16: =E16-H16 -> #DIV/0! | L16: =DAYS360(K16,$C$1) -> 45088 | M16: =(I16/G16) -> #DIV/0! | R16: =Q16*0.93 -> 0 | T16: =Q16*1.25 -> 0 | U16: =Q16*1.5 -> 0 | V16: =Q16*2 -> 0 | W16: =H16-(H16*0.07) -> #DIV/0! | Y16: =(X16-H16)/H16 -> #DIV/0! | Z16: =F16/F$20 -> 0
F17: =E17*D17 -> 0 | H17: =G17/D17 -> #DIV/0! | I17: =F17-G17 -> 0 | J17: =E17-H17 -> #DIV/0! | L17: =DAYS360(K17,$C$1) -> 45088 | M17: =(I17/G17) -> #DIV/0! | R17: =Q17*0.93 -> 0 | T17: =Q17*1.25 -> 0 | U17: =Q17*1.5 -> 0 | V17: =Q17*2 -> 0 | W17: =H17-(H17*0.07) -> #DIV/0! | Y17: =(X17-H17)/H17 -> #DIV/0! | Z17: =F17/F$20 -> 0
A18: Sub-Total | F18: =SUM(F6:F17) -> 41027.375 | G18: =SUM(G6:G17) -> 37971.83 | I18: =SUM(I6:I17) -> 3055.5453
D19: Cash, other | F19: 639487 | G19: =F19/F20 -> 0.93971123
D20: Total | F20: =SUM(F18:F19) -> 680514.38 | K20: Control acct (Doug's IRA) | M20: Today
H21: Last week's close | I21: ='03-21-25'!F20 -> 679084.23 | K21: 45657 | L21: 170762 | M21: 158161
H22: Week's change | I22: =(F20-I21)/I21 -> 0.0021059953 | K22: chg % | L22: =(M21-L21)/L21 -> -0.073792764
M24: days
A25: 2025 Closed Trades - Managed Acct | D25: Qty | E25: Cost/sh | F25: $ cost | G25: $Proc | H25: Proc/sh | I25: Profit/loss | J25: % | K25: Date purch | L25: Date sold | M25: held | P25: Comments (Close on Mar 28) | S25: chg from sale
A26: APH | B26: Long | C26: Amphenol | D26: 935.0369 | E26: =F26/D26 -> 72.335006 | F26: 67635.9 | G26: 64699.88 | H26: =G26/D26 -> 69.195002 | I26: =G26-F26 -> -2936.02 | J26: =I26/F26 -> -0.043409195 | K26: 45609 | L26: 45659 | M26: =DAYS360(K26,L26) -> 49 | Q26: 66.59 | S26: =(Q26-H26)/H26 -> -0.037647254
A27: SQ | B27: Long | C27: Block | D27: 653.8238 | E27: =F27/D27 -> 90.119203 | F27: 58922.08 | G27: 54094.08 | H27: =G27/D27 -> 82.734951 | I27: =G27-F27 -> -4828 | J27: =I27/F27 -> -0.081938723 | K27: 45660 | L27: 45667 | M27: =DAYS360(K27,L27) -> 7 | Q27: 55.33 | S27: =(Q27-H27)/H27 -> -0.33123789 | U27: (Now XYZ)
A28: ONON | B28: Long | C28: On Holding | D28: 1263.7796 | E28: =F28/D28 -> 44.698791 | F28: 56489.42 | G28: 75501.87 | H28: =G28/D28 -> 59.742909 | I28: =G28-F28 -> 19012.45 | J28: =I28/F28 -> 0.33656656 | K28: 45527 | L28: 45688 | M28: =DAYS360(K28,L28) -> 158 | Q28: 44.15 | S28: =(Q28-H28)/H28 -> -0.26100017
A29: AGX | B29: Long | C29: Argan | D29: =347.7531+131.6951 -> 479.4482 | E29: =F29/D29 -> 169.90901 | F29: =59492.79+21969.78 -> 81462.57 | G29: 65047.58 | H29: =G29/D29 -> 135.67176 | I29: =G29-F29 -> -16414.99 | J29: =I29/F29 -> -0.20150346 | K29: 45671 | L29: 45688 | M29: =DAYS360(K29,L29) -> 17 | Q29: 138.12 | S29: =(Q29-H29)/H29 -> 0.018045335
A30: TILE | B30: Long | C30: Interface | D30: 3020.3486 | E30: =F30/D30 -> 18.70201 | F30: 56486.59 | G30: 71124.88 | H30: =G30/D30 -> 23.548567 | I30: =G30-F30 -> 14638.29 | J30: =I30/F30 -> 0.25914629 | K30: 45527 | L30: 45691 | M30: =DAYS360(K30,L30) -> 160 | Q30: 19.75 | S30: =(Q30-H30)/H30 -> -0.16130776
A31: TOST | B31: Long | C31: Toast | D31: 1436.8459 | E31: =F31/D31 -> 42.502492 | F31: =1436.8459*42.5024916 -> 61069.531 | G31: =1436.8459*38.249853 -> 54959.144 | H31: =G31/D31 -> 38.249853 | I31: =G31-F31 -> -6110.3863 | J31: =I31/F31 -> -0.10005622 | K31: 45706 | L31: 45708 | M31: =DAYS360(K31,L31) -> 2 | Q31: 33.58 | S31: =(Q31-H31)/H31 -> -0.12208813
A32: AXON | B32: Long | C32: Axon Enterprises | D32: 130.6907 | E32: =F32/D32 -> 701.32489 | F32: =130.6907*701.324893 -> 91656.641 | G32: =130.6907*531.6399528 -> 69480.398 | H32: =G32/D32 -> 531.63995 | I32: =G32-F32 -> -22176.244 | J32: =I32/F32 -> -0.24194912 | K32: 45706 | L32: 45708 | M32: =DAYS360(K32,L32) -> 2 | Q32: 534.95 | S32: =(Q32-H32)/H32 -> 0.0062261069
A33: GEV | B33: Long | C33: GE Vernova | D33: 201.9693 | E33: =F33/D33 -> 368.56522 | F33: 74438.86 | G33: =201.9693*360.5332483 -> 72816.648 | H33: =G33/D33 -> 360.53325 | I33: =G33-F33 -> -1622.2122 | J33: =I33/F33 -> -0.021792545 | K33: 45664 | L33: 45708 | M33: =DAYS360(K33,L33) -> 43 | Q33: 302.93 | S33: =(Q33-H33)/H33 -> -0.15977236
A34: OKLO | B34: Long | C34: Oklo | D34: 1255.3625 | E34: =F34/D34 -> 30.178255 | F34: 37884.65 | G34: =1255.3625*39.762296 -> 49916.095 | H34: =G34/D34 -> 39.762296 | I34: =G34-F34 -> 12031.445 | J34: =I34/F34 -> 0.31758101 | K34: 45663 | L34: 45709 | M34: =DAYS360(K34,L34) -> 45 | Q34: 22.39 | S34: =(Q34-H34)/H34 -> -0.43690374
A35: DKS | B35: Long | C35: Dicks | D35: 252.7011 | E35: =F35/D35 -> 242.26931 | F35: 61221.72 | G35: =252.7011*226.6146532 -> 57265.772 | H35: =G35/D35 -> 226.61465 | I35: =G35-F35 -> -3955.9479 | J35: =I35/F35 -> -0.064616738 | K35: 45699 | L35: 45709 | M35: =DAYS360(K35,L35) -> 10 | Q35: 201.97 | S35: =(Q35-H35)/H35 -> -0.10875137
A36: MSTR | B36: Long | C36: Microstrategy | D36: =341.2204-83.2121 -> 258.0083 | E36: =F36/D36 -> 208.11482 | F36: =71012.62-17317.27 -> 53695.35 | G36: =258.0083*283.9399945 -> 73258.875 | H36: =G36/D36 -> 283.93999 | I36: =G36-F36 -> 19563.525 | J36: =I36/F36 -> 0.36434301 | K36: 45580 | L36: 45712 | M36: =DAYS360(K36,L36) -> 129 | Q36: 289.41 | S36: =(Q36-H36)/H36 -> 0.019264653
A37: PSTG | B37: Long | C37: Pure Storage | D37: =675.2982+456.8207 -> 1132.1189 | E37: =F37/D37 -> 67.383982 | F37: =45046.15+31240.53 -> 76286.68 | G37: =1132.1189*63.3653309 -> 71737.089 | H37: =G37/D37 -> 63.365331 | I37: =G37-F37 -> -4549.5913 | J37: =I37/F37 -> -0.059638082 | K37: 45673 | L37: 45712 | M37: =DAYS360(K37,L37) -> 38 | Q37: 46 | S37: =(Q37-H37)/H37 -> -0.27405098
A38: IBIT | B38: Long | C38: iShares Bitcoin | D38: =939.2424+388.9544 -> 1328.1968 | E38: =F38/D38 -> 45.483433 | F38: =36992.18+23418.77 -> 60410.95 | G38: =1328.1968*50.0213805 -> 66438.238 | H38: =G38/D38 -> 50.02138 | I38: =G38-F38 -> 6027.2875 | J38: =I38/F38 -> 0.099771441 | K38: 45593 | L38: 45713 | M38: =DAYS360(K38,L38) -> 117 | Q38: 47.56 | S38: =(Q38-H38)/H38 -> -0.049206569
A39: MTRX | B39: Long | C39: Matrix Service | D39: 1628.6374 | E39: =F39/D39 -> 13.889636 | F39: 22621.18 | G39: =1628.6374*12.519992 -> 20390.527 | H39: =G39/D39 -> 12.519992 | I39: =G39-F39 -> -2230.6528 | J39: =I39/F39 -> -0.098609037 | K39: 45692 | L39: 45715 | M39: =DAYS360(K39,L39) -> 23 | Q39: 12.53 | S39: =(Q39-H39)/H39 -> 0.00079936153
A40: FTNT | B40: Long | C40: Fortinet | D40: 440.0298 | E40: =F40/D40 -> 105.47629 | F40: 46412.71 | G40: =440.0298*94.6799953 -> 41662.019 | H40: =G40/D40 -> 94.679995 | I40: =G40-F40 -> -4750.6906 | J40: =I40/F40 -> -0.10235754 | K40: 45695 | L40: 45729 | M40: =DAYS360(K40,L40) -> 36 | Q40: 96.6 | S40: =(Q40-H40)/H40 -> 0.020278885
I43: =SUM(I26:I42) -> 1698.2634 | J43: Avg
H44: # of losses | I44: 9 | J44: -0.1022
H45: # of wins | I45: 5 | J45: 0.2756

Sheet 04-04-25
C1: 45751
C3: MANAGED ACCT | X3: Current | AC3: IBD
H4: Cost | J4: P/L | N4: Group | P4: EPS | R4: pivot | S4: last | W4: cost | X4: Stop | Y4: Stop | Z4: % | AB4: EPS | AC4: Comp
A5: Symbol | B5: Position | C5: Name | D5: Qty | E5: Current | F5: Value | G5: Cost | H5: per share | I5: P/L $ | J5: per sh | K5: Date purch | L5: days held | M5: % incr | N5: Rank | O5: RS | P5: RS | Q5: pivot | R5: -0.07 | S5: low | T5: 0.25 | U5: 0.5 | V5: 1 | W5: -0.07 | X5: Loss | Y5: Loss% | Z5: of port | AB5: Due | AC5: Rank
A7: AXGN | B7: Long | C7: Axogen | D7: 2234.6065 | E7: 16.22 | F7: =E7*D7 -> 36245.317 | G7: 37971.83 | H7: =G7/D7 -> 16.992625 | I7: =F7-G7 -> -1726.5126 | J7: =E7-H7 -> -0.77262488 | K7: 45652 | L7: =DAYS360(K7,$C$1) -> 98 | M7: =(I7/G7) -> -0.045468248 | N7: 67 | O7: 98 | P7: 80 | Q7: 15.9 | R7: =Q7*0.93 -> 14.787 | S7: 14 | T7: =Q7*1.25 -> 19.875 | U7: =Q7*1.5 -> 23.85 | V7: =Q7*2 -> 31.8 | W7: =H7-(H7*0.07) -> 15.803141 | X7: 16.5 | Y7: =(X7-H7)/H7 -> -0.028990511 | Z7: =F7/F$20 -> 0.05351329 | AB7: 45777 | AC7: 96
F8: =E8*D8 -> 0 | H8: =G8/D8 -> #DIV/0! | I8: =F8-G8 -> 0 | J8: =E8-H8 -> #DIV/0! | L8: =DAYS360(K8,$C$1) -> 45094 | M8: =(I8/G8) -> #DIV/0! | R8: =Q8*0.93 -> 0 | T8: =Q8*1.25 -> 0 | U8: =Q8*1.5 -> 0 | V8: =Q8*2 -> 0 | W8: =H8-(H8*0.07) -> #DIV/0! | Y8: =(X8-H8)/H8 -> #DIV/0! | Z8: =F8/F$20 -> 0
F9: =E9*D9 -> 0 | H9: =G9/D9 -> #DIV/0! | I9: =F9-G9 -> 0 | J9: =E9-H9 -> #DIV/0! | L9: =DAYS360(K9,$C$1) -> 45094 | M9: =(I9/G9) -> #DIV/0! | R9: =Q9*0.93 -> 0 | T9: =Q9*1.25 -> 0 | U9: =Q9*1.5 -> 0 | V9: =Q9*2 -> 0 | W9: =H9-(H9*0.07) -> #DIV/0! | Y9: =(X9-H9)/H9 -> #DIV/0! | Z9: =F9/F$20 -> 0
F10: =E10*D10 -> 0 | H10: =G10/D10 -> #DIV/0! | I10: =F10-G10 -> 0 | J10: =E10-H10 -> #DIV/0! | L10: =DAYS360(K10,$C$1) -> 45094 | M10: =(I10/G10) -> #DIV/0! | R10: =Q10*0.93 -> 0 | T10: =Q10*1.25 -> 0 | U10: =Q10*1.5 -> 0 | V10: =Q10*2 -> 0 | W10: =H10-(H10*0.07) -> #DIV/0! | Y10: =(X10-H10)/H10 -> #DIV/0! | Z10: =F10/F$20 -> 0
F11: =E11*D11 -> 0 | H11: =G11/D11 -> #DIV/0! | I11: =F11-G11 -> 0 | J11: =E11-H11 -> #DIV/0! | L11: =DAYS360(K11,$C$1) -> 45094 | M11: =(I11/G11) -> #DIV/0! | R11: =Q11*0.93 -> 0 | T11: =Q11*1.25 -> 0 | U11: =Q11*1.5 -> 0 | V11: =Q11*2 -> 0 | W11: =H11-(H11*0.07) -> #DIV/0! | Y11: =(X11-H11)/H11 -> #DIV/0! | Z11: =F11/F$20 -> 0
F12: =E12*D12 -> 0 | H12: =G12/D12 -> #DIV/0! | I12: =F12-G12 -> 0 | J12: =E12-H12 -> #DIV/0! | L12: =DAYS360(K12,$C$1) -> 45094 | M12: =(I12/G12) -> #DIV/0! | R12: =Q12*0.93 -> 0 | T12: =Q12*1.25 -> 0 | U12: =Q12*1.5 -> 0 | V12: =Q12*2 -> 0 | W12: =H12-(H12*0.07) -> #DIV/0! | Y12: =(X12-H12)/H12 -> #DIV/0! | Z12: =F12/F$20 -> 0
F13: =E13*D13 -> 0 | H13: =G13/D13 -> #DIV/0! | I13: =F13-G13 -> 0 | J13: =E13-H13 -> #DIV/0! | L13: =DAYS360(K13,$C$1) -> 45094 | M13: =(I13/G13) -> #DIV/0! | R13: =Q13*0.93 -> 0 | T13: =Q13*1.25 -> 0 | U13: =Q13*1.5 -> 0 | V13: =Q13*2 -> 0 | W13: =H13-(H13*0.07) -> #DIV/0! | Y13: =(X13-H13)/H13 -> #DIV/0! | Z13: =F13/F$20 -> 0
F14: =E14*D14 -> 0 | H14: =G14/D14 -> #DIV/0! | I14: =F14-G14 -> 0 | J14: =E14-H14 -> #DIV/0! | L14: =DAYS360(K14,$C$1) -> 45094 | M14: =(I14/G14) -> #DIV/0! | R14: =Q14*0.93 -> 0 | T14: =Q14*1.25 -> 0 | U14: =Q14*1.5 -> 0 | V14: =Q14*2 -> 0 | W14: =H14-(H14*0.07) -> #DIV/0! | Y14: =(X14-H14)/H14 -> #DIV/0! | Z14: =F14/F$20 -> 0
F15: =E15*D15 -> 0 | H15: =G15/D15 -> #DIV/0! | I15: =F15-G15 -> 0 | J15: =E15-H15 -> #DIV/0! | L15: =DAYS360(K15,$C$1) -> 45094 | M15: =(I15/G15) -> #DIV/0! | R15: =Q15*0.93 -> 0 | T15: =Q15*1.25 -> 0 | U15: =Q15*1.5 -> 0 | V15: =Q15*2 -> 0 | W15: =H15-(H15*0.07) -> #DIV/0! | Y15: =(X15-H15)/H15 -> #DIV/0! | Z15: =F15/F$20 -> 0
F16: =E16*D16 -> 0 | H16: =G16/D16 -> #DIV/0! | I16: =F16-G16 -> 0 | J16: =E16-H16 -> #DIV/0! | L16: =DAYS360(K16,$C$1) -> 45094 | M16: =(I16/G16) -> #DIV/0! | R16: =Q16*0.93 -> 0 | T16: =Q16*1.25 -> 0 | U16: =Q16*1.5 -> 0 | V16: =Q16*2 -> 0 | W16: =H16-(H16*0.07) -> #DIV/0! | Y16: =(X16-H16)/H16 -> #DIV/0! | Z16: =F16/F$20 -> 0
F17: =E17*D17 -> 0 | H17: =G17/D17 -> #DIV/0! | I17: =F17-G17 -> 0 | J17: =E17-H17 -> #DIV/0! | L17: =DAYS360(K17,$C$1) -> 45094 | M17: =(I17/G17) -> #DIV/0! | R17: =Q17*0.93 -> 0 | T17: =Q17*1.25 -> 0 | U17: =Q17*1.5 -> 0 | V17: =Q17*2 -> 0 | W17: =H17-(H17*0.07) -> #DIV/0! | Y17: =(X17-H17)/H17 -> #DIV/0! | Z17: =F17/F$20 -> 0
A18: Sub-Total | F18: =SUM(F6:F17) -> 36245.317 | G18: =SUM(G6:G17) -> 37971.83 | I18: =SUM(I6:I17) -> -1726.5126
D19: Cash, other | F19: 641069 | G19: =F19/F20 -> 0.94648671
D20: Total | F20: =SUM(F18:F19) -> 677314.32 | K20: Control acct (Doug's IRA) | M20: Today
H21: Last week's close | I21: ='03-28-25'!F20 -> 680514.38 | K21: 45657 | L21: 170762 | M21: 157492
H22: Week's change | I22: =(F20-I21)/I21 -> -0.0047024105 | K22: chg % | L22: =(M21-L21)/L21 -> -0.077710498
M24: days
A25: 2025 Closed Trades - Managed Acct | D25: Qty | E25: Cost/sh | F25: $ cost | G25: $Proc | H25: Proc/sh | I25: Profit/loss | J25: % | K25: Date purch | L25: Date sold | M25: held | P25: Comments (Close on Apr 4) | S25: chg from sale
A26: APH | B26: Long | C26: Amphenol | D26: 935.0369 | E26: =F26/D26 -> 72.335006 | F26: 67635.9 | G26: 64699.88 | H26: =G26/D26 -> 69.195002 | I26: =G26-F26 -> -2936.02 | J26: =I26/F26 -> -0.043409195 | K26: 45609 | L26: 45659 | M26: =DAYS360(K26,L26) -> 49 | Q26: 59.09 | S26: =(Q26-H26)/H26 -> -0.14603659
A27: SQ | B27: Long | C27: Block | D27: 653.8238 | E27: =F27/D27 -> 90.119203 | F27: 58922.08 | G27: 54094.08 | H27: =G27/D27 -> 82.734951 | I27: =G27-F27 -> -4828 | J27: =I27/F27 -> -0.081938723 | K27: 45660 | L27: 45667 | M27: =DAYS360(K27,L27) -> 7 | Q27: 50.26 | S27: =(Q27-H27)/H27 -> -0.39251792 | U27: (Now XYZ)
A28: ONON | B28: Long | C28: On Holding | D28: 1263.7796 | E28: =F28/D28 -> 44.698791 | F28: 56489.42 | G28: 75501.87 | H28: =G28/D28 -> 59.742909 | I28: =G28-F28 -> 19012.45 | J28: =I28/F28 -> 0.33656656 | K28: 45527 | L28: 45688 | M28: =DAYS360(K28,L28) -> 158 | Q28: 39.61 | S28: =(Q28-H28)/H28 -> -0.33699245
A29: AGX | B29: Long | C29: Argan | D29: =347.7531+131.6951 -> 479.4482 | E29: =F29/D29 -> 169.90901 | F29: =59492.79+21969.78 -> 81462.57 | G29: 65047.58 | H29: =G29/D29 -> 135.67176 | I29: =G29-F29 -> -16414.99 | J29: =I29/F29 -> -0.20150346 | K29: 45671 | L29: 45688 | M29: =DAYS360(K29,L29) -> 17 | Q29: 120.08 | S29: =(Q29-H29)/H29 -> -0.11492265
A30: TILE | B30: Long | C30: Interface | D30: 3020.3486 | E30: =F30/D30 -> 18.70201 | F30: 56486.59 | G30: 71124.88 | H30: =G30/D30 -> 23.548567 | I30: =G30-F30 -> 14638.29 | J30: =I30/F30 -> 0.25914629 | K30: 45527 | L30: 45691 | M30: =DAYS360(K30,L30) -> 160 | Q30: 18.37 | S30: =(Q30-H30)/H30 -> -0.21991005
A31: TOST | B31: Long | C31: Toast | D31: 1436.8459 | E31: =F31/D31 -> 42.502492 | F31: =1436.8459*42.5024916 -> 61069.531 | G31: =1436.8459*38.249853 -> 54959.144 | H31: =G31/D31 -> 38.249853 | I31: =G31-F31 -> -6110.3863 | J31: =I31/F31 -> -0.10005622 | K31: 45706 | L31: 45708 | M31: =DAYS360(K31,L31) -> 2 | Q31: 30.54 | S31: =(Q31-H31)/H31 -> -0.20156556
A32: AXON | B32: Long | C32: Axon Enterprises | D32: 130.6907 | E32: =F32/D32 -> 701.32489 | F32: =130.6907*701.324893 -> 91656.641 | G32: =130.6907*531.6399528 -> 69480.398 | H32: =G32/D32 -> 531.63995 | I32: =G32-F32 -> -22176.244 | J32: =I32/F32 -> -0.24194912 | K32: 45706 | L32: 45708 | M32: =DAYS360(K32,L32) -> 2 | Q32: 497.13 | S32: =(Q32-H32)/H32 -> -0.064912264
A33: GEV | B33: Long | C33: GE Vernova | D33: 201.9693 | E33: =F33/D33 -> 368.56522 | F33: 74438.86 | G33: =201.9693*360.5332483 -> 72816.648 | H33: =G33/D33 -> 360.53325 | I33: =G33-F33 -> -1622.2122 | J33: =I33/F33 -> -0.021792545 | K33: 45664 | L33: 45708 | M33: =DAYS360(K33,L33) -> 43 | Q33: 271.48 | S33: =(Q33-H33)/H33 -> -0.24700426
A34: OKLO | B34: Long | C34: Oklo | D34: 1255.3625 | E34: =F34/D34 -> 30.178255 | F34: 37884.65 | G34: =1255.3625*39.762296 -> 49916.095 | H34: =G34/D34 -> 39.762296 | I34: =G34-F34 -> 12031.445 | J34: =I34/F34 -> 0.31758101 | K34: 45663 | L34: 45709 | M34: =DAYS360(K34,L34) -> 45 | Q34: 19.8 | S34: =(Q34-H34)/H34 -> -0.50204083
A35: DKS | B35: Long | C35: Dicks | D35: 252.7011 | E35: =F35/D35 -> 242.26931 | F35: 61221.72 | G35: =252.7011*226.6146532 -> 57265.772 | H35: =G35/D35 -> 226.61465 | I35: =G35-F35 -> -3955.9479 | J35: =I35/F35 -> -0.064616738 | K35: 45699 | L35: 45709 | M35: =DAYS360(K35,L35) -> 10 | Q35: 182.87 | S35: =(Q35-H35)/H35 -> -0.19303541
A36: MSTR | B36: Long | C36: Microstrategy | D36: =341.2204-83.2121 -> 258.0083 | E36: =F36/D36 -> 208.11482 | F36: =71012.62-17317.27 -> 53695.35 | G36: =258.0083*283.9399945 -> 73258.875 | H36: =G36/D36 -> 283.93999 | I36: =G36-F36 -> 19563.525 | J36: =I36/F36 -> 0.36434301 | K36: 45580 | L36: 45712 | M36: =DAYS360(K36,L36) -> 129 | Q36: 293.61 | S36: =(Q36-H36)/H36 -> 0.034056511
A37: PSTG | B37: Long | C37: Pure Storage | D37: =675.2982+456.8207 -> 1132.1189 | E37: =F37/D37 -> 67.383982 | F37: =45046.15+31240.53 -> 76286.68 | G37: =1132.1189*63.3653309 -> 71737.089 | H37: =G37/D37 -> 63.365331 | I37: =G37-F37 -> -4549.5913 | J37: =I37/F37 -> -0.059638082 | K37: 45673 | L37: 45712 | M37: =DAYS360(K37,L37) -> 38 | Q37: 37.18 | S37: =(Q37-H37)/H37 -> -0.41324381
A38: IBIT | B38: Long | C38: iShares Bitcoin | D38: =939.2424+388.9544 -> 1328.1968 | E38: =F38/D38 -> 45.483433 | F38: =36992.18+23418.77 -> 60410.95 | G38: =1328.1968*50.0213805 -> 66438.238 | H38: =G38/D38 -> 50.02138 | I38: =G38-F38 -> 6027.2875 | J38: =I38/F38 -> 0.099771441 | K38: 45593 | L38: 45713 | M38: =DAYS360(K38,L38) -> 117 | Q38: 47.71 | S38: =(Q38-H38)/H38 -> -0.046207851
A39: MTRX | B39: Long | C39: Matrix Service | D39: 1628.6374 | E39: =F39/D39 -> 13.889636 | F39: 22621.18 | G39: =1628.6374*12.519992 -> 20390.527 | H39: =G39/D39 -> 12.519992 | I39: =G39-F39 -> -2230.6528 | J39: =I39/F39 -> -0.098609037 | K39: 45692 | L39: 45715 | M39: =DAYS360(K39,L39) -> 23 | Q39: 10.05 | S39: =(Q39-H39)/H39 -> -0.19728383
A40: FTNT | B40: Long | C40: Fortinet | D40: 440.0298 | E40: =F40/D40 -> 105.47629 | F40: 46412.71 | G40: =440.0298*94.6799953 -> 41662.019 | H40: =G40/D40 -> 94.679995 | I40: =G40-F40 -> -4750.6906 | J40: =I40/F40 -> -0.10235754 | K40: 45695 | L40: 45729 | M40: =DAYS360(K40,L40) -> 36 | Q40: 84.71 | S40: =(Q40-H40)/H40 -> -0.10530203
I43: =SUM(I26:I42) -> 1698.2634 | J43: Avg
H44: # of losses | I44: 9 | J44: -0.1022
H45: # of wins | I45: 5 | J45: 0.2756

Sheet 04-11-25
C1: 45758
C3: MANAGED ACCT | X3: Current | AC3: IBD
H4: Cost | J4: P/L | N4: Group | P4: EPS | R4: pivot | S4: last | W4: cost | X4: Stop | Y4: Stop | Z4: % | AB4: EPS | AC4: Comp
A5: Symbol | B5: Position | C5: Name | D5: Qty | E5: Current | F5: Value | G5: Cost | H5: per share | I5: P/L $ | J5: per sh | K5: Date purch | L5: days held | M5: % incr | N5: Rank | O5: RS | P5: RS | Q5: pivot | R5: -0.07 | S5: low | T5: 0.25 | U5: 0.5 | V5: 1 | W5: -0.07 | X5: Loss | Y5: Loss% | Z5: of port | AB5: Due | AC5: Rank
A7: AXGN | B7: Long | C7: Axogen | D7: 2234.6065 | E7: 15.89 | F7: =E7*D7 -> 35507.897 | G7: 37971.83 | H7: =G7/D7 -> 16.992625 | I7: =F7-G7 -> -2463.9327 | J7: =E7-H7 -> -1.1026249 | K7: 45652 | L7: =DAYS360(K7,$C$1) -> 105 | M7: =(I7/G7) -> -0.064888437 | N7: 73 | O7: 97 | P7: 80 | Q7: 15.9 | R7: =Q7*0.93 -> 14.787 | S7: 14 | T7: =Q7*1.25 -> 19.875 | U7: =Q7*1.5 -> 23.85 | V7: =Q7*2 -> 31.8 | W7: =H7-(H7*0.07) -> 15.803141 | X7: 16.5 | Y7: =(X7-H7)/H7 -> -0.028990511 | Z7: =F7/F$20 -> 0.052481687 | AB7: 45777 | AC7: 97
F8: =E8*D8 -> 0 | H8: =G8/D8 -> #DIV/0! | I8: =F8-G8 -> 0 | J8: =E8-H8 -> #DIV/0! | L8: =DAYS360(K8,$C$1) -> 45101 | M8: =(I8/G8) -> #DIV/0! | R8: =Q8*0.93 -> 0 | T8: =Q8*1.25 -> 0 | U8: =Q8*1.5 -> 0 | V8: =Q8*2 -> 0 | W8: =H8-(H8*0.07) -> #DIV/0! | Y8: =(X8-H8)/H8 -> #DIV/0! | Z8: =F8/F$20 -> 0
F9: =E9*D9 -> 0 | H9: =G9/D9 -> #DIV/0! | I9: =F9-G9 -> 0 | J9: =E9-H9 -> #DIV/0! | L9: =DAYS360(K9,$C$1) -> 45101 | M9: =(I9/G9) -> #DIV/0! | R9: =Q9*0.93 -> 0 | T9: =Q9*1.25 -> 0 | U9: =Q9*1.5 -> 0 | V9: =Q9*2 -> 0 | W9: =H9-(H9*0.07) -> #DIV/0! | Y9: =(X9-H9)/H9 -> #DIV/0! | Z9: =F9/F$20 -> 0
F10: =E10*D10 -> 0 | H10: =G10/D10 -> #DIV/0! | I10: =F10-G10 -> 0 | J10: =E10-H10 -> #DIV/0! | L10: =DAYS360(K10,$C$1) -> 45101 | M10: =(I10/G10) -> #DIV/0! | R10: =Q10*0.93 -> 0 | T10: =Q10*1.25 -> 0 | U10: =Q10*1.5 -> 0 | V10: =Q10*2 -> 0 | W10: =H10-(H10*0.07) -> #DIV/0! | Y10: =(X10-H10)/H10 -> #DIV/0! | Z10: =F10/F$20 -> 0
F11: =E11*D11 -> 0 | H11: =G11/D11 -> #DIV/0! | I11: =F11-G11 -> 0 | J11: =E11-H11 -> #DIV/0! | L11: =DAYS360(K11,$C$1) -> 45101 | M11: =(I11/G11) -> #DIV/0! | R11: =Q11*0.93 -> 0 | T11: =Q11*1.25 -> 0 | U11: =Q11*1.5 -> 0 | V11: =Q11*2 -> 0 | W11: =H11-(H11*0.07) -> #DIV/0! | Y11: =(X11-H11)/H11 -> #DIV/0! | Z11: =F11/F$20 -> 0
F12: =E12*D12 -> 0 | H12: =G12/D12 -> #DIV/0! | I12: =F12-G12 -> 0 | J12: =E12-H12 -> #DIV/0! | L12: =DAYS360(K12,$C$1) -> 45101 | M12: =(I12/G12) -> #DIV/0! | R12: =Q12*0.93 -> 0 | T12: =Q12*1.25 -> 0 | U12: =Q12*1.5 -> 0 | V12: =Q12*2 -> 0 | W12: =H12-(H12*0.07) -> #DIV/0! | Y12: =(X12-H12)/H12 -> #DIV/0! | Z12: =F12/F$20 -> 0
F13: =E13*D13 -> 0 | H13: =G13/D13 -> #DIV/0! | I13: =F13-G13 -> 0 | J13: =E13-H13 -> #DIV/0! | L13: =DAYS360(K13,$C$1) -> 45101 | M13: =(I13/G13) -> #DIV/0! | R13: =Q13*0.93 -> 0 | T13: =Q13*1.25 -> 0 | U13: =Q13*1.5 -> 0 | V13: =Q13*2 -> 0 | W13: =H13-(H13*0.07) -> #DIV/0! | Y13: =(X13-H13)/H13 -> #DIV/0! | Z13: =F13/F$20 -> 0
F14: =E14*D14 -> 0 | H14: =G14/D14 -> #DIV/0! | I14: =F14-G14 -> 0 | J14: =E14-H14 -> #DIV/0! | L14: =DAYS360(K14,$C$1) -> 45101 | M14: =(I14/G14) -> #DIV/0! | R14: =Q14*0.93 -> 0 | T14: =Q14*1.25 -> 0 | U14: =Q14*1.5 -> 0 | V14: =Q14*2 -> 0 | W14: =H14-(H14*0.07) -> #DIV/0! | Y14: =(X14-H14)/H14 -> #DIV/0! | Z14: =F14/F$20 -> 0
F15: =E15*D15 -> 0 | H15: =G15/D15 -> #DIV/0! | I15: =F15-G15 -> 0 | J15: =E15-H15 -> #DIV/0! | L15: =DAYS360(K15,$C$1) -> 45101 | M15: =(I15/G15) -> #DIV/0! | R15: =Q15*0.93 -> 0 | T15: =Q15*1.25 -> 0 | U15: =Q15*1.5 -> 0 | V15: =Q15*2 -> 0 | W15: =H15-(H15*0.07) -> #DIV/0! | Y15: =(X15-H15)/H15 -> #DIV/0! | Z15: =F15/F$20 -> 0
F16: =E16*D16 -> 0 | H16: =G16/D16 -> #DIV/0! | I16: =F16-G16 -> 0 | J16: =E16-H16 -> #DIV/0! | L16: =DAYS360(K16,$C$1) -> 45101 | M16: =(I16/G16) -> #DIV/0! | R16: =Q16*0.93 -> 0 | T16: =Q16*1.25 -> 0 | U16: =Q16*1.5 -> 0 | V16: =Q16*2 -> 0 | W16: =H16-(H16*0.07) -> #DIV/0! | Y16: =(X16-H16)/H16 -> #DIV/0! | Z16: =F16/F$20 -> 0
F17: =E17*D17 -> 0 | H17: =G17/D17 -> #DIV/0! | I17: =F17-G17 -> 0 | J17: =E17-H17 -> #DIV/0! | L17: =DAYS360(K17,$C$1) -> 45101 | M17: =(I17/G17) -> #DIV/0! | R17: =Q17*0.93 -> 0 | T17: =Q17*1.25 -> 0 | U17: =Q17*1.5 -> 0 | V17: =Q17*2 -> 0 | W17: =H17-(H17*0.07) -> #DIV/0! | Y17: =(X17-H17)/H17 -> #DIV/0! | Z17: =F17/F$20 -> 0
A18: Sub-Total | F18: =SUM(F6:F17) -> 35507.897 | G18: =SUM(G6:G17) -> 37971.83 | I18: =SUM(I6:I17) -> -2463.9327
D19: Cash, other | F19: 641069 | G19: =F19/F20 -> 0.94751831
D20: Total | F20: =SUM(F18:F19) -> 676576.9 | K20: Control acct (Doug's IRA) | M20: Today
H21: Last week's close | I21: ='04-04-25'!F20 -> 677314.32 | K21: 45657 | L21: 170762 | M21: 157316
H22: Week's change | I22: =(F20-I21)/I21 -> -0.0010887414 | K22: chg % | L22: =(M21-L21)/L21 -> -0.078741172
M24: days
A25: 2025 Closed Trades - Managed Acct | D25: Qty | E25: Cost/sh | F25: $ cost | G25: $Proc | H25: Proc/sh | I25: Profit/loss | J25: % | K25: Date purch | L25: Date sold | M25: held | P25: Comments (Close on Apr 11) | S25: chg from sale
A26: APH | B26: Long | C26: Amphenol | D26: 935.0369 | E26: =F26/D26 -> 72.335006 | F26: 67635.9 | G26: 64699.88 | H26: =G26/D26 -> 69.195002 | I26: =G26-F26 -> -2936.02 | J26: =I26/F26 -> -0.043409195 | K26: 45609 | L26: 45659 | M26: =DAYS360(K26,L26) -> 49 | Q26: 65.4 | S26: =(Q26-H26)/H26 -> -0.054845028
A27: SQ | B27: Long | C27: Block | D27: 653.8238 | E27: =F27/D27 -> 90.119203 | F27: 58922.08 | G27: 54094.08 | H27: =G27/D27 -> 82.734951 | I27: =G27-F27 -> -4828 | J27: =I27/F27 -> -0.081938723 | K27: 45660 | L27: 45667 | M27: =DAYS360(K27,L27) -> 7 | Q27: 53.94 | S27: =(Q27-H27)/H27 -> -0.34803853 | U27: (Now XYZ)
A28: ONON | B28: Long | C28: On Holding | D28: 1263.7796 | E28: =F28/D28 -> 44.698791 | F28: 56489.42 | G28: 75501.87 | H28: =G28/D28 -> 59.742909 | I28: =G28-F28 -> 19012.45 | J28: =I28/F28 -> 0.33656656 | K28: 45527 | L28: 45688 | M28: =DAYS360(K28,L28) -> 158 | Q28: 43.51 | S28: =(Q28-H28)/H28 -> -0.27171274
A29: AGX | B29: Long | C29: Argan | D29: =347.7531+131.6951 -> 479.4482 | E29: =F29/D29 -> 169.90901 | F29: =59492.79+21969.78 -> 81462.57 | G29: 65047.58 | H29: =G29/D29 -> 135.67176 | I29: =G29-F29 -> -16414.99 | J29: =I29/F29 -> -0.20150346 | K29: 45671 | L29: 45688 | M29: =DAYS360(K29,L29) -> 17 | Q29: 148.17 | S29: =(Q29-H29)/H29 -> 0.09212118
A30: TILE | B30: Long | C30: Interface | D30: 3020.3486 | E30: =F30/D30 -> 18.70201 | F30: 56486.59 | G30: 71124.88 | H30: =G30/D30 -> 23.548567 | I30: =G30-F30 -> 14638.29 | J30: =I30/F30 -> 0.25914629 | K30: 45527 | L30: 45691 | M30: =DAYS360(K30,L30) -> 160 | Q30: 18.82 | S30: =(Q30-H30)/H30 -> -0.20080061
A31: TOST | B31: Long | C31: Toast | D31: 1436.8459 | E31: =F31/D31 -> 42.502492 | F31: =1436.8459*42.5024916 -> 61069.531 | G31: =1436.8459*38.249853 -> 54959.144 | H31: =G31/D31 -> 38.249853 | I31: =G31-F31 -> -6110.3863 | J31: =I31/F31 -> -0.10005622 | K31: 45706 | L31: 45708 | M31: =DAYS360(K31,L31) -> 2 | Q31: 34.08 | S31: =(Q31-H31)/H31 -> -0.10901618
A32: AXON | B32: Long | C32: Axon Enterprises | D32: 130.6907 | E32: =F32/D32 -> 701.32489 | F32: =130.6907*701.324893 -> 91656.641 | G32: =130.6907*531.6399528 -> 69480.398 | H32: =G32/D32 -> 531.63995 | I32: =G32-F32 -> -22176.244 | J32: =I32/F32 -> -0.24194912 | K32: 45706 | L32: 45708 | M32: =DAYS360(K32,L32) -> 2 | Q32: 567.98 | S32: =(Q32-H32)/H32 -> 0.06835462
A33: GEV | B33: Long | C33: GE Vernova | D33: 201.9693 | E33: =F33/D33 -> 368.56522 | F33: 74438.86 | G33: =201.9693*360.5332483 -> 72816.648 | H33: =G33/D33 -> 360.53325 | I33: =G33-F33 -> -1622.2122 | J33: =I33/F33 -> -0.021792545 | K33: 45664 | L33: 45708 | M33: =DAYS360(K33,L33) -> 43 | Q33: 321.43 | S33: =(Q33-H33)/H33 -> -0.10845948
A34: OKLO | B34: Long | C34: Oklo | D34: 1255.3625 | E34: =F34/D34 -> 30.178255 | F34: 37884.65 | G34: =1255.3625*39.762296 -> 49916.095 | H34: =G34/D34 -> 39.762296 | I34: =G34-F34 -> 12031.445 | J34: =I34/F34 -> 0.31758101 | K34: 45663 | L34: 45709 | M34: =DAYS360(K34,L34) -> 45 | Q34: 22.5 | S34: =(Q34-H34)/H34 -> -0.4341373
A35: DKS | B35: Long | C35: Dicks | D35: 252.7011 | E35: =F35/D35 -> 242.26931 | F35: 61221.72 | G35: =252.7011*226.6146532 -> 57265.772 | H35: =G35/D35 -> 226.61465 | I35: =G35-F35 -> -3955.9479 | J35: =I35/F35 -> -0.064616738 | K35: 45699 | L35: 45709 | M35: =DAYS360(K35,L35) -> 10 | Q35: 185.93 | S35: =(Q35-H35)/H35 -> -0.17953231
A36: MSTR | B36: Long | C36: Microstrategy | D36: =341.2204-83.2121 -> 258.0083 | E36: =F36/D36 -> 208.11482 | F36: =71012.62-17317.27 -> 53695.35 | G36: =258.0083*283.9399945 -> 73258.875 | H36: =G36/D36 -> 283.93999 | I36: =G36-F36 -> 19563.525 | J36: =I36/F36 -> 0.36434301 | K36: 45580 | L36: 45712 | M36: =DAYS360(K36,L36) -> 129 | Q36: 299.98 | S36: =(Q36-H36)/H36 -> 0.056490828
A37: PSTG | B37: Long | C37: Pure Storage | D37: =675.2982+456.8207 -> 1132.1189 | E37: =F37/D37 -> 67.383982 | F37: =45046.15+31240.53 -> 76286.68 | G37: =1132.1189*63.3653309 -> 71737.089 | H37: =G37/D37 -> 63.365331 | I37: =G37-F37 -> -4549.5913 | J37: =I37/F37 -> -0.059638082 | K37: 45673 | L37: 45712 | M37: =DAYS360(K37,L37) -> 38 | Q37: 41.08 | S37: =(Q37-H37)/H37 -> -0.35169596
A38: IBIT | B38: Long | C38: iShares Bitcoin | D38: =939.2424+388.9544 -> 1328.1968 | E38: =F38/D38 -> 45.483433 | F38: =36992.18+23418.77 -> 60410.95 | G38: =1328.1968*50.0213805 -> 66438.238 | H38: =G38/D38 -> 50.02138 | I38: =G38-F38 -> 6027.2875 | J38: =I38/F38 -> 0.099771441 | K38: 45593 | L38: 45713 | M38: =DAYS360(K38,L38) -> 117 | Q38: 47.67 | S38: =(Q38-H38)/H38 -> -0.047007509
A39: MTRX | B39: Long | C39: Matrix Service | D39: 1628.6374 | E39: =F39/D39 -> 13.889636 | F39: 22621.18 | G39: =1628.6374*12.519992 -> 20390.527 | H39: =G39/D39 -> 12.519992 | I39: =G39-F39 -> -2230.6528 | J39: =I39/F39 -> -0.098609037 | K39: 45692 | L39: 45715 | M39: =DAYS360(K39,L39) -> 23 | Q39: 10.19 | S39: =(Q39-H39)/H39 -> -0.18610172
A40: FTNT | B40: Long | C40: Fortinet | D40: 440.0298 | E40: =F40/D40 -> 105.47629 | F40: 46412.71 | G40: =440.0298*94.6799953 -> 41662.019 | H40: =G40/D40 -> 94.679995 | I40: =G40-F40 -> -4750.6906 | J40: =I40/F40 -> -0.10235754 | K40: 45695 | L40: 45729 | M40: =DAYS360(K40,L40) -> 36 | Q40: 97.73 | S40: =(Q40-H40)/H40 -> 0.032213824
I43: =SUM(I26:I42) -> 1698.2634 | J43: Avg
H44: # of losses | I44: 9 | J44: -0.1022
H45: # of wins | I45: 5 | J45: 0.2756

Sheet 04-18-25
C1: 45765
C3: MANAGED ACCT | X3: Current | AC3: IBD
H4: Cost | J4: P/L | N4: Group | P4: EPS | R4: pivot | S4: last | W4: cost | X4: Stop | Y4: Stop | Z4: % | AB4: EPS | AC4: Comp
A5: Symbol | B5: Position | C5: Name | D5: Qty | E5: Current | F5: Value | G5: Cost | H5: per share | I5: P/L $ | J5: per sh | K5: Date purch | L5: days held | M5: % incr | N5: Rank | O5: RS | P5: RS | Q5: pivot | R5: -0.07 | S5: low | T5: 0.25 | U5: 0.5 | V5: 1 | W5: -0.07 | X5: Loss | Y5: Loss% | Z5: of port | AB5: Due | AC5: Rank
A7: AXGN | B7: Long | C7: Axogen | D7: 2234.6065 | E7: 15.57 | F7: =E7*D7 -> 34792.823 | G7: 37971.83 | H7: =G7/D7 -> 16.992625 | I7: =F7-G7 -> -3179.0068 | J7: =E7-H7 -> -1.4226249 | K7: 45652 | L7: =DAYS360(K7,$C$1) -> 112 | M7: =(I7/G7) -> -0.083720137 | N7: 81 | O7: 97 | P7: 80 | Q7: 15.9 | R7: =Q7*0.93 -> 14.787 | S7: 14 | T7: =Q7*1.25 -> 19.875 | U7: =Q7*1.5 -> 23.85 | V7: =Q7*2 -> 31.8 | W7: =H7-(H7*0.07) -> 15.803141 | X7: 16.5 | Y7: =(X7-H7)/H7 -> -0.028990511 | Z7: =F7/F$20 -> 0.051781318 | AB7: 45777 | AC7: 95
A8: TGTX | B8: Long | C8: TG Therapeutics | D8: 889.7615 | E8: 38.32 | F8: =E8*D8 -> 34095.661 | G8: =889.7615*38.093859 -> 33894.449 | H8: =G8/D8 -> 38.093859 | I8: =F8-G8 -> 201.21156 | J8: =E8-H8 -> 0.226141 | K8: 45761 | L8: =DAYS360(K8,$C$1) -> 4 | M8: =(I8/G8) -> 0.0059364162 | N8: 67 | O8: 98 | P8: 38 | Q8: 34.58 | R8: =Q8*0.93 -> 32.1594 | S8: 31 | T8: =Q8*1.25 -> 43.225 | U8: =Q8*1.5 -> 51.87 | V8: =Q8*2 -> 69.16 | W8: =H8-(H8*0.07) -> 35.427289 | X8: 34.5 | Y8: =(X8-H8)/H8 -> -0.094342214 | Z8: =F8/F$20 -> 0.050743748 | AB8: 45783 | AC8: 97
A9: ADMA | B9: Long | C9: ADMA Biologics | D9: 1312.6138 | E9: 18.96 | F9: =E9*D9 -> 24887.158 | G9: =1312.6138*20.657667 -> 27115.539 | H9: =G9/D9 -> 20.657667 | I9: =F9-G9 -> -2228.3811 | J9: =E9-H9 -> -1.697667 | K9: 45761 | L9: =DAYS360(K9,$C$1) -> 4 | M9: =(I9/G9) -> -0.082180965 | N9: 67 | O9: 98 | P9: 80 | Q9: 20.7 | R9: =Q9*0.93 -> 19.251 | S9: 16.51 | T9: =Q9*1.25 -> 25.875 | U9: =Q9*1.5 -> 31.05 | V9: =Q9*2 -> 41.4 | W9: =H9-(H9*0.07) -> 19.21163 | X9: 19.25 | Y9: =(X9-H9)/H9 -> -0.068142593 | Z9: =F9/F$20 -> 0.037038955 | AB9: 45784 | AC9: 98
A10: PLTR | B10: Long | C10: Palantir | D10: 352.9758 | E10: 89.83 | F10: =E10*D10 -> 31707.816 | G10: =352.9758*96.3364165 -> 34004.424 | H10: =G10/D10 -> 96.336416 | I10: =F10-G10 -> -2296.6076 | J10: =E10-H10 -> -6.5064165 | K10: 45762 | L10: =DAYS360(K10,$C$1) -> 3 | M10: =(I10/G10) -> -0.067538494 | N10: 43 | O10: 99 | P10: 98 | Q10: 98.17 | R10: =Q10*0.93 -> 91.2981 | S10: 66.12 | T10: =Q10*1.25 -> 122.7125 | U10: =Q10*1.5 -> 147.255 | V10: =Q10*2 -> 196.34 | W10: =H10-(H10*0.07) -> 89.592867 | X10: 89.5 | Y10: =(X10-H10)/H10 -> -0.07096399 | Z10: =F10/F$20 -> 0.047189976 | AB10: 45782 | AC10: 99
F11: =E11*D11 -> 0 | H11: =G11/D11 -> #DIV/0! | I11: =F11-G11 -> 0 | J11: =E11-H11 -> #DIV/0! | L11: =DAYS360(K11,$C$1) -> 45108 | M11: =(I11/G11) -> #DIV/0! | R11: =Q11*0.93 -> 0 | T11: =Q11*1.25 -> 0 | U11: =Q11*1.5 -> 0 | V11: =Q11*2 -> 0 | W11: =H11-(H11*0.07) -> #DIV/0! | Y11: =(X11-H11)/H11 -> #DIV/0! | Z11: =F11/F$20 -> 0
F12: =E12*D12 -> 0 | H12: =G12/D12 -> #DIV/0! | I12: =F12-G12 -> 0 | J12: =E12-H12 -> #DIV/0! | L12: =DAYS360(K12,$C$1) -> 45108 | M12: =(I12/G12) -> #DIV/0! | R12: =Q12*0.93 -> 0 | T12: =Q12*1.25 -> 0 | U12: =Q12*1.5 -> 0 | V12: =Q12*2 -> 0 | W12: =H12-(H12*0.07) -> #DIV/0! | Y12: =(X12-H12)/H12 -> #DIV/0! | Z12: =F12/F$20 -> 0
F13: =E13*D13 -> 0 | H13: =G13/D13 -> #DIV/0! | I13: =F13-G13 -> 0 | J13: =E13-H13 -> #DIV/0! | L13: =DAYS360(K13,$C$1) -> 45108 | M13: =(I13/G13) -> #DIV/0! | R13: =Q13*0.93 -> 0 | T13: =Q13*1.25 -> 0 | U13: =Q13*1.5 -> 0 | V13: =Q13*2 -> 0 | W13: =H13-(H13*0.07) -> #DIV/0! | Y13: =(X13-H13)/H13 -> #DIV/0! | Z13: =F13/F$20 -> 0
F14: =E14*D14 -> 0 | H14: =G14/D14 -> #DIV/0! | I14: =F14-G14 -> 0 | J14: =E14-H14 -> #DIV/0! | L14: =DAYS360(K14,$C$1) -> 45108 | M14: =(I14/G14) -> #DIV/0! | R14: =Q14*0.93 -> 0 | T14: =Q14*1.25 -> 0 | U14: =Q14*1.5 -> 0 | V14: =Q14*2 -> 0 | W14: =H14-(H14*0.07) -> #DIV/0! | Y14: =(X14-H14)/H14 -> #DIV/0! | Z14: =F14/F$20 -> 0
F15: =E15*D15 -> 0 | H15: =G15/D15 -> #DIV/0! | I15: =F15-G15 -> 0 | J15: =E15-H15 -> #DIV/0! | L15: =DAYS360(K15,$C$1) -> 45108 | M15: =(I15/G15) -> #DIV/0! | R15: =Q15*0.93 -> 0 | T15: =Q15*1.25 -> 0 | U15: =Q15*1.5 -> 0 | V15: =Q15*2 -> 0 | W15: =H15-(H15*0.07) -> #DIV/0! | Y15: =(X15-H15)/H15 -> #DIV/0! | Z15: =F15/F$20 -> 0
F16: =E16*D16 -> 0 | H16: =G16/D16 -> #DIV/0! | I16: =F16-G16 -> 0 | J16: =E16-H16 -> #DIV/0! | L16: =DAYS360(K16,$C$1) -> 45108 | M16: =(I16/G16) -> #DIV/0! | R16: =Q16*0.93 -> 0 | T16: =Q16*1.25 -> 0 | U16: =Q16*1.5 -> 0 | V16: =Q16*2 -> 0 | W16: =H16-(H16*0.07) -> #DIV/0! | Y16: =(X16-H16)/H16 -> #DIV/0! | Z16: =F16/F$20 -> 0
F17: =E17*D17 -> 0 | H17: =G17/D17 -> #DIV/0! | I17: =F17-G17 -> 0 | J17: =E17-H17 -> #DIV/0! | L17: =DAYS360(K17,$C$1) -> 45108 | M17: =(I17/G17) -> #DIV/0! | R17: =Q17*0.93 -> 0 | T17: =Q17*1.25 -> 0 | U17: =Q17*1.5 -> 0 | V17: =Q17*2 -> 0 | W17: =H17-(H17*0.07) -> #DIV/0! | Y17: =(X17-H17)/H17 -> #DIV/0! | Z17: =F17/F$20 -> 0
A18: Sub-Total | F18: =SUM(F6:F17) -> 125483.46 | G18: =SUM(G6:G17) -> 132986.24 | I18: =SUM(I6:I17) -> -7502.7839
D19: Cash, other | F19: 546435 | G19: =F19/F20 -> 0.813246
D20: Total | F20: =SUM(F18:F19) -> 671918.46 | K20: Control acct (Doug's IRA) | M20: Today
H21: Last week's close | I21: ='04-11-25'!F20 -> 676576.9 | K21: 45657 | L21: 170762 | M21: 157270
H22: Week's change | I22: =(F20-I21)/I21 -> -0.006885307 | K22: chg % | L22: =(M21-L21)/L21 -> -0.079010553
M24: days
A25: 2025 Closed Trades - Managed Acct | D25: Qty | E25: Cost/sh | F25: $ cost | G25: $Proc | H25: Proc/sh | I25: Profit/loss | J25: % | K25: Date purch | L25: Date sold | M25: held | P25: Comments (Close on Apr 17) | S25: chg from sale
A26: APH | B26: Long | C26: Amphenol | D26: 935.0369 | E26: =F26/D26 -> 72.335006 | F26: 67635.9 | G26: 64699.88 | H26: =G26/D26 -> 69.195002 | I26: =G26-F26 -> -2936.02 | J26: =I26/F26 -> -0.043409195 | K26: 45609 | L26: 45659 | M26: =DAYS360(K26,L26) -> 49 | Q26: 65.06 | S26: =(Q26-H26)/H26 -> -0.059758678
A27: SQ | B27: Long | C27: Block | D27: 653.8238 | E27: =F27/D27 -> 90.119203 | F27: 58922.08 | G27: 54094.08 | H27: =G27/D27 -> 82.734951 | I27: =G27-F27 -> -4828 | J27: =I27/F27 -> -0.081938723 | K27: 45660 | L27: 45667 | M27: =DAYS360(K27,L27) -> 7 | Q27: 53.9 | S27: =(Q27-H27)/H27 -> -0.348522 | U27: (Now XYZ)
A28: ONON | B28: Long | C28: On Holding | D28: 1263.7796 | E28: =F28/D28 -> 44.698791 | F28: 56489.42 | G28: 75501.87 | H28: =G28/D28 -> 59.742909 | I28: =G28-F28 -> 19012.45 | J28: =I28/F28 -> 0.33656656 | K28: 45527 | L28: 45688 | M28: =DAYS360(K28,L28) -> 158 | Q28: 42.5 | S28: =(Q28-H28)/H28 -> -0.28861851
A29: AGX | B29: Long | C29: Argan | D29: =347.7531+131.6951 -> 479.4482 | E29: =F29/D29 -> 169.90901 | F29: =59492.79+21969.78 -> 81462.57 | G29: 65047.58 | H29: =G29/D29 -> 135.67176 | I29: =G29-F29 -> -16414.99 | J29: =I29/F29 -> -0.20150346 | K29: 45671 | L29: 45688 | M29: =DAYS360(K29,L29) -> 17 | Q29: 146 | S29: =(Q29-H29)/H29 -> 0.076126694
A30: TILE | B30: Long | C30: Interface | D30: 3020.3486 | E30: =F30/D30 -> 18.70201 | F30: 56486.59 | G30: 71124.88 | H30: =G30/D30 -> 23.548567 | I30: =G30-F30 -> 14638.29 | J30: =I30/F30 -> 0.25914629 | K30: 45527 | L30: 45691 | M30: =DAYS360(K30,L30) -> 160 | Q30: 18.58 | S30: =(Q30-H30)/H30 -> -0.21099231
A31: TOST | B31: Long | C31: Toast | D31: 1436.8459 | E31: =F31/D31 -> 42.502492 | F31: =1436.8459*42.5024916 -> 61069.531 | G31: =1436.8459*38.249853 -> 54959.144 | H31: =G31/D31 -> 38.249853 | I31: =G31-F31 -> -6110.3863 | J31: =I31/F31 -> -0.10005622 | K31: 45706 | L31: 45708 | M31: =DAYS360(K31,L31) -> 2 | Q31: 34.29 | S31: =(Q31-H31)/H31 -> -0.10352597
A32: AXON | B32: Long | C32: Axon Enterprises | D32: 130.6907 | E32: =F32/D32 -> 701.32489 | F32: =130.6907*701.324893 -> 91656.641 | G32: =130.6907*531.6399528 -> 69480.398 | H32: =G32/D32 -> 531.63995 | I32: =G32-F32 -> -22176.244 | J32: =I32/F32 -> -0.24194912 | K32: 45706 | L32: 45708 | M32: =DAYS360(K32,L32) -> 2 | Q32: 559.53 | S32: =(Q32-H32)/H32 -> 0.052460405
A33: GEV | B33: Long | C33: GE Vernova | D33: 201.9693 | E33: =F33/D33 -> 368.56522 | F33: 74438.86 | G33: =201.9693*360.5332483 -> 72816.648 | H33: =G33/D33 -> 360.53325 | I33: =G33-F33 -> -1622.2122 | J33: =I33/F33 -> -0.021792545 | K33: 45664 | L33: 45708 | M33: =DAYS360(K33,L33) -> 43 | Q33: 323.55 | S33: =(Q33-H33)/H33 -> -0.1025793
A34: OKLO | B34: Long | C34: Oklo | D34: 1255.3625 | E34: =F34/D34 -> 30.178255 | F34: 37884.65 | G34: =1255.3625*39.762296 -> 49916.095 | H34: =G34/D34 -> 39.762296 | I34: =G34-F34 -> 12031.445 | J34: =I34/F34 -> 0.31758101 | K34: 45663 | L34: 45709 | M34: =DAYS360(K34,L34) -> 45 | Q34: 21.98 | S34: =(Q34-H34)/H34 -> -0.44721502
A35: DKS | B35: Long | C35: Dicks | D35: 252.7011 | E35: =F35/D35 -> 242.26931 | F35: 61221.72 | G35: =252.7011*226.6146532 -> 57265.772 | H35: =G35/D35 -> 226.61465 | I35: =G35-F35 -> -3955.9479 | J35: =I35/F35 -> -0.064616738 | K35: 45699 | L35: 45709 | M35: =DAYS360(K35,L35) -> 10 | Q35: 185.554 | S35: =(Q35-H35)/H35 -> -0.18119152
A36: MSTR | B36: Long | C36: Microstrategy | D36: =341.2204-83.2121 -> 258.0083 | E36: =F36/D36 -> 208.11482 | F36: =71012.62-17317.27 -> 53695.35 | G36: =258.0083*283.9399945 -> 73258.875 | H36: =G36/D36 -> 283.93999 | I36: =G36-F36 -> 19563.525 | J36: =I36/F36 -> 0.36434301 | K36: 45580 | L36: 45712 | M36: =DAYS360(K36,L36) -> 129 | Q36: 317.2 | S36: =(Q36-H36)/H36 -> 0.11713745
A37: PSTG | B37: Long | C37: Pure Storage | D37: =675.2982+456.8207 -> 1132.1189 | E37: =F37/D37 -> 67.383982 | F37: =45046.15+31240.53 -> 76286.68 | G37: =1132.1189*63.3653309 -> 71737.089 | H37: =G37/D37 -> 63.365331 | I37: =G37-F37 -> -4549.5913 | J37: =I37/F37 -> -0.059638082 | K37: 45673 | L37: 45712 | M37: =DAYS360(K37,L37) -> 38 | Q37: 41.75 | S37: =(Q37-H37)/H37 -> -0.34112235
A38: IBIT | B38: Long | C38: iShares Bitcoin | D38: =939.2424+388.9544 -> 1328.1968 | E38: =F38/D38 -> 45.483433 | F38: =36992.18+23418.77 -> 60410.95 | G38: =1328.1968*50.0213805 -> 66438.238 | H38: =G38/D38 -> 50.02138 | I38: =G38-F38 -> 6027.2875 | J38: =I38/F38 -> 0.099771441 | K38: 45593 | L38: 45713 | M38: =DAYS360(K38,L38) -> 117 | Q38: 48.26 | S38: =(Q38-H38)/H38 -> -0.035212553
A39: MTRX | B39: Long | C39: Matrix Service | D39: 1628.6374 | E39: =F39/D39 -> 13.889636 | F39: 22621.18 | G39: =1628.6374*12.519992 -> 20390.527 | H39: =G39/D39 -> 12.519992 | I39: =G39-F39 -> -2230.6528 | J39: =I39/F39 -> -0.098609037 | K39: 45692 | L39: 45715 | M39: =DAYS360(K39,L39) -> 23 | Q39: 10.86 | S39: =(Q39-H39)/H39 -> -0.13258731
A40: FTNT | B40: Long | C40: Fortinet | D40: 440.0298 | E40: =F40/D40 -> 105.47629 | F40: 46412.71 | G40: =440.0298*94.6799953 -> 41662.019 | H40: =G40/D40 -> 94.679995 | I40: =G40-F40 -> -4750.6906 | J40: =I40/F40 -> -0.10235754 | K40: 45695 | L40: 45729 | M40: =DAYS360(K40,L40) -> 36 | Q40: 96.13 | S40: =(Q40-H40)/H40 -> 0.015314795
I43: =SUM(I26:I42) -> 1698.2634 | J43: Avg
H44: # of losses | I44: 9 | J44: -0.1022
H45: # of wins | I45: 5 | J45: 0.2756

Sheet 04-25-25
C1: 45771
C3: MANAGED ACCT | X3: Current | AC3: IBD
H4: Cost | J4: P/L | N4: Group | P4: EPS | R4: pivot | S4: last | W4: cost | X4: Stop | Y4: Stop | Z4: % | AB4: EPS | AC4: Comp
A5: Symbol | B5: Position | C5: Name | D5: Qty | E5: Current | F5: Value | G5: Cost | H5: per share | I5: P/L $ | J5: per sh | K5: Date purch | L5: days held | M5: % incr | N5: Rank | O5: RS | P5: RS | Q5: pivot | R5: -0.07 | S5: low | T5: 0.25 | U5: 0.5 | V5: 1 | W5: -0.07 | X5: Loss | Y5: Loss% | Z5: of port | AB5: Due | AC5: Rank
A7: AXGN | B7: Long | C7: Axogen | D7: 2234.6065 | E7: 16.4 | F7: =E7*D7 -> 36647.547 | G7: 37971.83 | H7: =G7/D7 -> 16.992625 | I7: =F7-G7 -> -1324.2834 | J7: =E7-H7 -> -0.59262488 | K7: 45652 | L7: =DAYS360(K7,$C$1) -> 118 | M7: =(I7/G7) -> -0.034875417 | N7: 71 | O7: 97 | P7: 80 | Q7: 15.9 | R7: =Q7*0.93 -> 14.787 | S7: 14 | T7: =Q7*1.25 -> 19.875 | U7: =Q7*1.5 -> 23.85 | V7: =Q7*2 -> 31.8 | W7: =H7-(H7*0.07) -> 15.803141 | X7: 16.5 | Y7: =(X7-H7)/H7 -> -0.028990511 | Z7: =F7/F$20 -> 0.053981529 | AB7: 45785 | AC7: 97
A8: TGTX | B8: Long | C8: TG Therapeutics | D8: 889.7615 | E8: 41.33 | F8: =E8*D8 -> 36773.843 | G8: =889.7615*38.093859 -> 33894.449 | H8: =G8/D8 -> 38.093859 | I8: =F8-G8 -> 2879.3937 | J8: =E8-H8 -> 3.236141 | K8: 45761 | L8: =DAYS360(K8,$C$1) -> 10 | M8: =(I8/G8) -> 0.084951777 | N8: 63 | O8: 98 | P8: 37 | Q8: 34.58 | R8: =Q8*0.93 -> 32.1594 | S8: 31 | T8: =Q8*1.25 -> 43.225 | U8: =Q8*1.5 -> 51.87 | V8: =Q8*2 -> 69.16 | W8: =H8-(H8*0.07) -> 35.427289 | X8: 34.5 | Y8: =(X8-H8)/H8 -> -0.094342214 | Z8: =F8/F$20 -> 0.054167562 | AB8: 45783 | AC8: 94
A9: GEV | B9: Long | C9: GE Vernova | D9: 151.7295 | E9: 372.42 | F9: =E9*D9 -> 56507.1 | G9: =151.7295*356.030819 -> 54020.378 | H9: =G9/D9 -> 356.03082 | I9: =F9-G9 -> 2486.7222 | J9: =E9-H9 -> 16.389181 | K9: 45771 | L9: =DAYS360(K9,$C$1) -> 0 | M9: =(I9/G9) -> 0.04603304 | N9: 65 | O9: 97 | P9: 80 | Q9: 349.62 | R9: =Q9*0.93 -> 325.1466 | S9: 306.21 | T9: =Q9*1.25 -> 437.025 | U9: =Q9*1.5 -> 524.43 | V9: =Q9*2 -> 699.24 | W9: =H9-(H9*0.07) -> 331.10866 | X9: 330 | Y9: =(X9-H9)/H9 -> -0.073113949 | Z9: =F9/F$20 -> 0.083234485 | AB9: 45861 | AC9: 93
F10: =E10*D10 -> 0 | H10: =G10/D10 -> #DIV/0! | I10: =F10-G10 -> 0 | J10: =E10-H10 -> #DIV/0! | L10: =DAYS360(K10,$C$1) -> 45114 | M10: =(I10/G10) -> #DIV/0! | R10: =Q10*0.93 -> 0 | T10: =Q10*1.25 -> 0 | U10: =Q10*1.5 -> 0 | V10: =Q10*2 -> 0 | W10: =H10-(H10*0.07) -> #DIV/0! | Y10: =(X10-H10)/H10 -> #DIV/0! | Z10: =F10/F$20 -> 0
F11: =E11*D11 -> 0 | H11: =G11/D11 -> #DIV/0! | I11: =F11-G11 -> 0 | J11: =E11-H11 -> #DIV/0! | L11: =DAYS360(K11,$C$1) -> 45114 | M11: =(I11/G11) -> #DIV/0! | R11: =Q11*0.93 -> 0 | T11: =Q11*1.25 -> 0 | U11: =Q11*1.5 -> 0 | V11: =Q11*2 -> 0 | W11: =H11-(H11*0.07) -> #DIV/0! | Y11: =(X11-H11)/H11 -> #DIV/0! | Z11: =F11/F$20 -> 0
F12: =E12*D12 -> 0 | H12: =G12/D12 -> #DIV/0! | I12: =F12-G12 -> 0 | J12: =E12-H12 -> #DIV/0! | L12: =DAYS360(K12,$C$1) -> 45114 | M12: =(I12/G12) -> #DIV/0! | R12: =Q12*0.93 -> 0 | T12: =Q12*1.25 -> 0 | U12: =Q12*1.5 -> 0 | V12: =Q12*2 -> 0 | W12: =H12-(H12*0.07) -> #DIV/0! | Y12: =(X12-H12)/H12 -> #DIV/0! | Z12: =F12/F$20 -> 0
F13: =E13*D13 -> 0 | H13: =G13/D13 -> #DIV/0! | I13: =F13-G13 -> 0 | J13: =E13-H13 -> #DIV/0! | L13: =DAYS360(K13,$C$1) -> 45114 | M13: =(I13/G13) -> #DIV/0! | R13: =Q13*0.93 -> 0 | T13: =Q13*1.25 -> 0 | U13: =Q13*1.5 -> 0 | V13: =Q13*2 -> 0 | W13: =H13-(H13*0.07) -> #DIV/0! | Y13: =(X13-H13)/H13 -> #DIV/0! | Z13: =F13/F$20 -> 0
F14: =E14*D14 -> 0 | H14: =G14/D14 -> #DIV/0! | I14: =F14-G14 -> 0 | J14: =E14-H14 -> #DIV/0! | L14: =DAYS360(K14,$C$1) -> 45114 | M14: =(I14/G14) -> #DIV/0! | R14: =Q14*0.93 -> 0 | T14: =Q14*1.25 -> 0 | U14: =Q14*1.5 -> 0 | V14: =Q14*2 -> 0 | W14: =H14-(H14*0.07) -> #DIV/0! | Y14: =(X14-H14)/H14 -> #DIV/0! | Z14: =F14/F$20 -> 0
F15: =E15*D15 -> 0 | H15: =G15/D15 -> #DIV/0! | I15: =F15-G15 -> 0 | J15: =E15-H15 -> #DIV/0! | L15: =DAYS360(K15,$C$1) -> 45114 | M15: =(I15/G15) -> #DIV/0! | R15: =Q15*0.93 -> 0 | T15: =Q15*1.25 -> 0 | U15: =Q15*1.5 -> 0 | V15: =Q15*2 -> 0 | W15: =H15-(H15*0.07) -> #DIV/0! | Y15: =(X15-H15)/H15 -> #DIV/0! | Z15: =F15/F$20 -> 0
F16: =E16*D16 -> 0 | H16: =G16/D16 -> #DIV/0! | I16: =F16-G16 -> 0 | J16: =E16-H16 -> #DIV/0! | L16: =DAYS360(K16,$C$1) -> 45114 | M16: =(I16/G16) -> #DIV/0! | R16: =Q16*0.93 -> 0 | T16: =Q16*1.25 -> 0 | U16: =Q16*1.5 -> 0 | V16: =Q16*2 -> 0 | W16: =H16-(H16*0.07) -> #DIV/0! | Y16: =(X16-H16)/H16 -> #DIV/0! | Z16: =F16/F$20 -> 0
F17: =E17*D17 -> 0 | H17: =G17/D17 -> #DIV/0! | I17: =F17-G17 -> 0 | J17: =E17-H17 -> #DIV/0! | L17: =DAYS360(K17,$C$1) -> 45114 | M17: =(I17/G17) -> #DIV/0! | R17: =Q17*0.93 -> 0 | T17: =Q17*1.25 -> 0 | U17: =Q17*1.5 -> 0 | V17: =Q17*2 -> 0 | W17: =H17-(H17*0.07) -> #DIV/0! | Y17: =(X17-H17)/H17 -> #DIV/0! | Z17: =F17/F$20 -> 0
A18: Sub-Total | F18: =SUM(F6:F17) -> 129928.49 | G18: =SUM(G6:G17) -> 125886.66 | I18: =SUM(I6:I17) -> 4041.8325
D19: Cash, other | F19: 548962 | G19: =F19/F20 -> 0.80861642
D20: Total | F20: =SUM(F18:F19) -> 678890.49 | K20: Control acct (Doug's IRA) | M20: Today
H21: Last week's close | I21: ='04-18-25'!F20 -> 671918.46 | K21: 45657 | L21: 170762 | M21: 157766
H22: Week's change | I22: =(F20-I21)/I21 -> 0.010376307 | K22: chg % | L22: =(M21-L21)/L21 -> -0.076105925
M24: days
A25: 2025 Closed Trades - Managed Acct | D25: Qty | E25: Cost/sh | F25: $ cost | G25: $Proc | H25: Proc/sh | I25: Profit/loss | J25: % | K25: Date purch | L25: Date sold | M25: held | P25: Comments (Close on Apr 24) | S25: chg from sale
A26: APH | B26: Long | C26: Amphenol | D26: 935.0369 | E26: =F26/D26 -> 72.335006 | F26: 67635.9 | G26: 64699.88 | H26: =G26/D26 -> 69.195002 | I26: =G26-F26 -> -2936.02 | J26: =I26/F26 -> -0.043409195 | K26: 45609 | L26: 45659 | M26: =DAYS360(K26,L26) -> 49 | Q26: 75.85 | S26: =(Q26-H26)/H26 -> 0.096177441
A27: SQ | B27: Long | C27: Block | D27: 653.8238 | E27: =F27/D27 -> 90.119203 | F27: 58922.08 | G27: 54094.08 | H27: =G27/D27 -> 82.734951 | I27: =G27-F27 -> -4828 | J27: =I27/F27 -> -0.081938723 | K27: 45660 | L27: 45667 | M27: =DAYS360(K27,L27) -> 7 | Q27: 58.09 | S27: =(Q27-H27)/H27 -> -0.29787835 | U27: (Now XYZ)
A28: ONON | B28: Long | C28: On Holding | D28: 1263.7796 | E28: =F28/D28 -> 44.698791 | F28: 56489.42 | G28: 75501.87 | H28: =G28/D28 -> 59.742909 | I28: =G28-F28 -> 19012.45 | J28: =I28/F28 -> 0.33656656 | K28: 45527 | L28: 45688 | M28: =DAYS360(K28,L28) -> 158 | Q28: 45.03 | S28: =(Q28-H28)/H28 -> -0.24627039
A29: AGX | B29: Long | C29: Argan | D29: =347.7531+131.6951 -> 479.4482 | E29: =F29/D29 -> 169.90901 | F29: =59492.79+21969.78 -> 81462.57 | G29: 65047.58 | H29: =G29/D29 -> 135.67176 | I29: =G29-F29 -> -16414.99 | J29: =I29/F29 -> -0.20150346 | K29: 45671 | L29: 45688 | M29: =DAYS360(K29,L29) -> 17 | Q29: 151.56 | S29: =(Q29-H29)/H29 -> 0.11710796
A30: TILE | B30: Long | C30: Interface | D30: 3020.3486 | E30: =F30/D30 -> 18.70201 | F30: 56486.59 | G30: 71124.88 | H30: =G30/D30 -> 23.548567 | I30: =G30-F30 -> 14638.29 | J30: =I30/F30 -> 0.25914629 | K30: 45527 | L30: 45691 | M30: =DAYS360(K30,L30) -> 160 | Q30: 18.75 | S30: =(Q30-H30)/H30 -> -0.20377319
A31: TOST | B31: Long | C31: Toast | D31: 1436.8459 | E31: =F31/D31 -> 42.502492 | F31: =1436.8459*42.5024916 -> 61069.531 | G31: =1436.8459*38.249853 -> 54959.144 | H31: =G31/D31 -> 38.249853 | I31: =G31-F31 -> -6110.3863 | J31: =I31/F31 -> -0.10005622 | K31: 45706 | L31: 45708 | M31: =DAYS360(K31,L31) -> 2 | Q31: 36.1 | S31: =(Q31-H31)/H31 -> -0.056205523
A32: AXON | B32: Long | C32: Axon Enterprises | D32: 130.6907 | E32: =F32/D32 -> 701.32489 | F32: =130.6907*701.324893 -> 91656.641 | G32: =130.6907*531.6399528 -> 69480.398 | H32: =G32/D32 -> 531.63995 | I32: =G32-F32 -> -22176.244 | J32: =I32/F32 -> -0.24194912 | K32: 45706 | L32: 45708 | M32: =DAYS360(K32,L32) -> 2 | Q32: 603.78 | S32: =(Q32-H32)/H32 -> 0.13569343
A33: GEV | B33: Long | C33: GE Vernova | D33: 201.9693 | E33: =F33/D33 -> 368.56522 | F33: 74438.86 | G33: =201.9693*360.5332483 -> 72816.648 | H33: =G33/D33 -> 360.53325 | I33: =G33-F33 -> -1622.2122 | J33: =I33/F33 -> -0.021792545 | K33: 45664 | L33: 45708 | M33: =DAYS360(K33,L33) -> 43 | Q33: 372.55 | S33: =(Q33-H33)/H33 -> 0.033330495
A34: OKLO | B34: Long | C34: Oklo | D34: 1255.3625 | E34: =F34/D34 -> 30.178255 | F34: 37884.65 | G34: =1255.3625*39.762296 -> 49916.095 | H34: =G34/D34 -> 39.762296 | I34: =G34-F34 -> 12031.445 | J34: =I34/F34 -> 0.31758101 | K34: 45663 | L34: 45709 | M34: =DAYS360(K34,L34) -> 45 | Q34: 23.74 | S34: =(Q34-H34)/H34 -> -0.40295198
A35: DKS | B35: Long | C35: Dicks | D35: 252.7011 | E35: =F35/D35 -> 242.26931 | F35: 61221.72 | G35: =252.7011*226.6146532 -> 57265.772 | H35: =G35/D35 -> 226.61465 | I35: =G35-F35 -> -3955.9479 | J35: =I35/F35 -> -0.064616738 | K35: 45699 | L35: 45709 | M35: =DAYS360(K35,L35) -> 10 | Q35: 187.77 | S35: =(Q35-H35)/H35 -> -0.1714128
A36: MSTR | B36: Long | C36: Microstrategy | D36: =341.2204-83.2121 -> 258.0083 | E36: =F36/D36 -> 208.11482 | F36: =71012.62-17317.27 -> 53695.35 | G36: =258.0083*283.9399945 -> 73258.875 | H36: =G36/D36 -> 283.93999 | I36: =G36-F36 -> 19563.525 | J36: =I36/F36 -> 0.36434301 | K36: 45580 | L36: 45712 | M36: =DAYS360(K36,L36) -> 129 | Q36: 368.71 | S36: =(Q36-H36)/H36 -> 0.29854901
A37: PSTG | B37: Long | C37: Pure Storage | D37: =675.2982+456.8207 -> 1132.1189 | E37: =F37/D37 -> 67.383982 | F37: =45046.15+31240.53 -> 76286.68 | G37: =1132.1189*63.3653309 -> 71737.089 | H37: =G37/D37 -> 63.365331 | I37: =G37-F37 -> -4549.5913 | J37: =I37/F37 -> -0.059638082 | K37: 45673 | L37: 45712 | M37: =DAYS360(K37,L37) -> 38 | Q37: 45.7 | S37: =(Q37-H37)/H37 -> -0.27878543
A38: IBIT | B38: Long | C38: iShares Bitcoin | D38: =939.2424+388.9544 -> 1328.1968 | E38: =F38/D38 -> 45.483433 | F38: =36992.18+23418.77 -> 60410.95 | G38: =1328.1968*50.0213805 -> 66438.238 | H38: =G38/D38 -> 50.02138 | I38: =G38-F38 -> 6027.2875 | J38: =I38/F38 -> 0.099771441 | K38: 45593 | L38: 45713 | M38: =DAYS360(K38,L38) -> 117 | Q38: 54.27 | S38: =(Q38-H38)/H38 -> 0.08493607
A39: MTRX | B39: Long | C39: Matrix Service | D39: 1628.6374 | E39: =F39/D39 -> 13.889636 | F39: 22621.18 | G39: =1628.6374*12.519992 -> 20390.527 | H39: =G39/D39 -> 12.519992 | I39: =G39-F39 -> -2230.6528 | J39: =I39/F39 -> -0.098609037 | K39: 45692 | L39: 45715 | M39: =DAYS360(K39,L39) -> 23 | Q39: 11.9 | S39: =(Q39-H39)/H39 -> -0.049520159
A40: FTNT | B40: Long | C40: Fortinet | D40: 440.0298 | E40: =F40/D40 -> 105.47629 | F40: 46412.71 | G40: =440.0298*94.6799953 -> 41662.019 | H40: =G40/D40 -> 94.679995 | I40: =G40-F40 -> -4750.6906 | J40: =I40/F40 -> -0.10235754 | K40: 45695 | L40: 45729 | M40: =DAYS360(K40,L40) -> 36 | Q40: 101.8 | S40: =(Q40-H40)/H40 -> 0.075200729
A41: ADMA | B41: Long | C41: ADMA Biologics | D41: 1312.6138 | E41: =F41/D41 -> 20.657667 | F41: =1312.6138*20.657667 -> 27115.539 | G41: =1312.6138*18.9477051 -> 24871.019 | H41: =G41/D41 -> 18.947705 | I41: =G41-F41 -> -2244.5196 | J41: =I41/F41 -> -0.082776138 | K41: 45761 | L41: 45768 | M41: =DAYS360(K41,L41) -> 7 | Q41: 21.86 | S41: =(Q41-H41)/H41 -> 0.15370172
A42: PLTR | B42: Long | C42: Palantir | D42: 352.9758 | E42: =F42/D42 -> 96.336406 | F42: 34004.42 | G42: =352.9758*89.7849585 -> 31691.918 | H42: =G42/D42 -> 89.784959 | I42: =G42-F42 -> -2312.5024 | J42: =I42/F42 -> -0.068005937 | K42: 45762 | L42: 45768 | M42: =DAYS360(K42,L42) -> 6 | Q42: 112.78 | S42: =(Q42-H42)/H42 -> 0.2561124
I47: =SUM(I26:I46) -> -2858.7586 | J47: Avg
H48: # of losses | I48: 11 | J48: -0.0973
H49: # of wins | I49: 5 | J49: 0.2756

Sheet 05-02-25
C1: 45779
C3: MANAGED ACCT | X3: Current | AC3: IBD
H4: Cost | J4: P/L | N4: Group | P4: EPS | R4: pivot | S4: last | W4: cost | X4: Stop | Y4: Stop | Z4: % | AB4: EPS | AC4: Comp
A5: Symbol | B5: Position | C5: Name | D5: Qty | E5: Current | F5: Value | G5: Cost | H5: per share | I5: P/L $ | J5: per sh | K5: Date purch | L5: days held | M5: % incr | N5: Rank | O5: RS | P5: RS | Q5: pivot | R5: -0.07 | S5: low | T5: 0.25 | U5: 0.5 | V5: 1 | W5: -0.07 | X5: Loss | Y5: Loss% | Z5: of port | AB5: Due | AC5: Rank
A7: AXGN | B7: Long | C7: Axogen | D7: 2234.6065 | E7: 17.13 | F7: =E7*D7 -> 38278.809 | G7: 37971.83 | H7: =G7/D7 -> 16.992625 | I7: =F7-G7 -> 306.97934 | J7: =E7-H7 -> 0.13737512 | K7: 45652 | L7: =DAYS360(K7,$C$1) -> 126 | M7: =(I7/G7) -> 0.0080843969 | N7: 77 | O7: 97 | P7: 80 | Q7: 15.9 | R7: =Q7*0.93 -> 14.787 | S7: 14 | T7: =Q7*1.25 -> 19.875 | U7: =Q7*1.5 -> 23.85 | V7: =Q7*2 -> 31.8 | W7: =H7-(H7*0.07) -> 15.803141 | X7: 16.5 | Y7: =(X7-H7)/H7 -> -0.028990511 | Z7: =F7/F$20 -> 0.055827025 | AB7: 45785 | AC7: 96
A8: TGTX | B8: Long | C8: TG Therapeutics | D8: 889.7615 | E8: 43.44 | F8: =E8*D8 -> 38651.24 | G8: =889.7615*38.093859 -> 33894.449 | H8: =G8/D8 -> 38.093859 | I8: =F8-G8 -> 4756.7904 | J8: =E8-H8 -> 5.346141 | K8: 45761 | L8: =DAYS360(K8,$C$1) -> 18 | M8: =(I8/G8) -> 0.14034128 | N8: 76 | O8: 98 | P8: 38 | Q8: 34.58 | R8: =Q8*0.93 -> 32.1594 | S8: 31 | T8: =Q8*1.25 -> 43.225 | U8: =Q8*1.5 -> 51.87 | V8: =Q8*2 -> 69.16 | W8: =H8-(H8*0.07) -> 35.427289 | X8: 34.5 | Y8: =(X8-H8)/H8 -> -0.094342214 | Z8: =F8/F$20 -> 0.056370189 | AB8: 45782 | AC8: 93
A9: GEV | B9: Long | C9: GE Vernova | D9: 151.7295 | E9: 396.32 | F9: =E9*D9 -> 60133.435 | G9: =151.7295*356.030819 -> 54020.378 | H9: =G9/D9 -> 356.03082 | I9: =F9-G9 -> 6113.0573 | J9: =E9-H9 -> 40.289181 | K9: 45771 | L9: =DAYS360(K9,$C$1) -> 8 | M9: =(I9/G9) -> 0.11316206 | N9: 75 | O9: 97 | P9: 81 | Q9: 349.62 | R9: =Q9*0.93 -> 325.1466 | S9: 306.21 | T9: =Q9*1.25 -> 437.025 | U9: =Q9*1.5 -> 524.43 | V9: =Q9*2 -> 699.24 | W9: =H9-(H9*0.07) -> 331.10866 | X9: 330 | Y9: =(X9-H9)/H9 -> -0.073113949 | Z9: =F9/F$20 -> 0.087700502 | AB9: 45861 | AC9: 94
A10: ADMA | B10: Long | C10: ADMA Biologics | D10: 927.6617 | E10: 23.52 | F10: =E10*D10 -> 21818.603 | G10: =927.6617*23.7570536 -> 22038.509 | H10: =G10/D10 -> 23.757054 | I10: =F10-G10 -> -219.90555 | J10: =E10-H10 -> -0.2370536 | K10: 45776 | L10: =DAYS360(K10,$C$1) -> 3 | M10: =(I10/G10) -> -0.0099782407 | N10: 76 | O10: 98 | P10: 80 | Q10: 22.73 | R10: =Q10*0.93 -> 21.1389 | S10: 19.64 | T10: =Q10*1.25 -> 28.4125 | U10: =Q10*1.5 -> 34.095 | V10: =Q10*2 -> 45.46 | W10: =H10-(H10*0.07) -> 22.09406 | X10: 22.43 | Y10: =(X10-H10)/H10 -> -0.055859351 | Z10: =F10/F$20 -> 0.03182094 | AB10: 45784 | AC10: 98
F11: =E11*D11 -> 0 | H11: =G11/D11 -> #DIV/0! | I11: =F11-G11 -> 0 | J11: =E11-H11 -> #DIV/0! | L11: =DAYS360(K11,$C$1) -> 45122 | M11: =(I11/G11) -> #DIV/0! | R11: =Q11*0.93 -> 0 | T11: =Q11*1.25 -> 0 | U11: =Q11*1.5 -> 0 | V11: =Q11*2 -> 0 | W11: =H11-(H11*0.07) -> #DIV/0! | Y11: =(X11-H11)/H11 -> #DIV/0! | Z11: =F11/F$20 -> 0
F12: =E12*D12 -> 0 | H12: =G12/D12 -> #DIV/0! | I12: =F12-G12 -> 0 | J12: =E12-H12 -> #DIV/0! | L12: =DAYS360(K12,$C$1) -> 45122 | M12: =(I12/G12) -> #DIV/0! | R12: =Q12*0.93 -> 0 | T12: =Q12*1.25 -> 0 | U12: =Q12*1.5 -> 0 | V12: =Q12*2 -> 0 | W12: =H12-(H12*0.07) -> #DIV/0! | Y12: =(X12-H12)/H12 -> #DIV/0! | Z12: =F12/F$20 -> 0
F13: =E13*D13 -> 0 | H13: =G13/D13 -> #DIV/0! | I13: =F13-G13 -> 0 | J13: =E13-H13 -> #DIV/0! | L13: =DAYS360(K13,$C$1) -> 45122 | M13: =(I13/G13) -> #DIV/0! | R13: =Q13*0.93 -> 0 | T13: =Q13*1.25 -> 0 | U13: =Q13*1.5 -> 0 | V13: =Q13*2 -> 0 | W13: =H13-(H13*0.07) -> #DIV/0! | Y13: =(X13-H13)/H13 -> #DIV/0! | Z13: =F13/F$20 -> 0
F14: =E14*D14 -> 0 | H14: =G14/D14 -> #DIV/0! | I14: =F14-G14 -> 0 | J14: =E14-H14 -> #DIV/0! | L14: =DAYS360(K14,$C$1) -> 45122 | M14: =(I14/G14) -> #DIV/0! | R14: =Q14*0.93 -> 0 | T14: =Q14*1.25 -> 0 | U14: =Q14*1.5 -> 0 | V14: =Q14*2 -> 0 | W14: =H14-(H14*0.07) -> #DIV/0! | Y14: =(X14-H14)/H14 -> #DIV/0! | Z14: =F14/F$20 -> 0
F15: =E15*D15 -> 0 | H15: =G15/D15 -> #DIV/0! | I15: =F15-G15 -> 0 | J15: =E15-H15 -> #DIV/0! | L15: =DAYS360(K15,$C$1) -> 45122 | M15: =(I15/G15) -> #DIV/0! | R15: =Q15*0.93 -> 0 | T15: =Q15*1.25 -> 0 | U15: =Q15*1.5 -> 0 | V15: =Q15*2 -> 0 | W15: =H15-(H15*0.07) -> #DIV/0! | Y15: =(X15-H15)/H15 -> #DIV/0! | Z15: =F15/F$20 -> 0
F16: =E16*D16 -> 0 | H16: =G16/D16 -> #DIV/0! | I16: =F16-G16 -> 0 | J16: =E16-H16 -> #DIV/0! | L16: =DAYS360(K16,$C$1) -> 45122 | M16: =(I16/G16) -> #DIV/0! | R16: =Q16*0.93 -> 0 | T16: =Q16*1.25 -> 0 | U16: =Q16*1.5 -> 0 | V16: =Q16*2 -> 0 | W16: =H16-(H16*0.07) -> #DIV/0! | Y16: =(X16-H16)/H16 -> #DIV/0! | Z16: =F16/F$20 -> 0
F17: =E17*D17 -> 0 | H17: =G17/D17 -> #DIV/0! | I17: =F17-G17 -> 0 | J17: =E17-H17 -> #DIV/0! | L17: =DAYS360(K17,$C$1) -> 45122 | M17: =(I17/G17) -> #DIV/0! | R17: =Q17*0.93 -> 0 | T17: =Q17*1.25 -> 0 | U17: =Q17*1.5 -> 0 | V17: =Q17*2 -> 0 | W17: =H17-(H17*0.07) -> #DIV/0! | Y17: =(X17-H17)/H17 -> #DIV/0! | Z17: =F17/F$20 -> 0
A18: Sub-Total | F18: =SUM(F6:F17) -> 158882.09 | G18: =SUM(G6:G17) -> 147925.17 | I18: =SUM(I6:I17) -> 10956.922
D19: Cash, other | F19: 526786 | G19: =F19/F20 -> 0.76828134
D20: Total | F20: =SUM(F18:F19) -> 685668.09 | K20: Control acct (Doug's IRA) | M20: Today
H21: Last week's close | I21: ='04-25-25'!F20 -> 678890.49 | K21: 45657 | L21: 170762 | M21: 159530
H22: Week's change | I22: =(F20-I21)/I21 -> 0.0099833447 | K22: chg % | L22: =(M21-L21)/L21 -> -0.065775758
M24: days
A25: 2025 Closed Trades - Managed Acct | D25: Qty | E25: Cost/sh | F25: $ cost | G25: $Proc | H25: Proc/sh | I25: Profit/loss | J25: % | K25: Date purch | L25: Date sold | M25: held | P25: Comments (Close on May 2) | S25: chg from sale
A26: APH | B26: Long | C26: Amphenol | D26: 935.0369 | E26: =F26/D26 -> 72.335006 | F26: 67635.9 | G26: 64699.88 | H26: =G26/D26 -> 69.195002 | I26: =G26-F26 -> -2936.02 | J26: =I26/F26 -> -0.043409195 | K26: 45609 | L26: 45659 | M26: =DAYS360(K26,L26) -> 49 | Q26: 80.66 | S26: =(Q26-H26)/H26 -> 0.16569113
A27: SQ | B27: Long | C27: Block | D27: 653.8238 | E27: =F27/D27 -> 90.119203 | F27: 58922.08 | G27: 54094.08 | H27: =G27/D27 -> 82.734951 | I27: =G27-F27 -> -4828 | J27: =I27/F27 -> -0.081938723 | K27: 45660 | L27: 45667 | M27: =DAYS360(K27,L27) -> 7 | Q27: 46.53 | S27: =(Q27-H27)/H27 -> -0.43760165 | U27: (Now XYZ)
A28: ONON | B28: Long | C28: On Holding | D28: 1263.7796 | E28: =F28/D28 -> 44.698791 | F28: 56489.42 | G28: 75501.87 | H28: =G28/D28 -> 59.742909 | I28: =G28-F28 -> 19012.45 | J28: =I28/F28 -> 0.33656656 | K28: 45527 | L28: 45688 | M28: =DAYS360(K28,L28) -> 158 | Q28: 48.91 | S28: =(Q28-H28)/H28 -> -0.18132544
A29: AGX | B29: Long | C29: Argan | D29: =347.7531+131.6951 -> 479.4482 | E29: =F29/D29 -> 169.90901 | F29: =59492.79+21969.78 -> 81462.57 | G29: 65047.58 | H29: =G29/D29 -> 135.67176 | I29: =G29-F29 -> -16414.99 | J29: =I29/F29 -> -0.20150346 | K29: 45671 | L29: 45688 | M29: =DAYS360(K29,L29) -> 17 | Q29: 163.77 | S29: =(Q29-H29)/H29 -> 0.20710458
A30: TILE | B30: Long | C30: Interface | D30: 3020.3486 | E30: =F30/D30 -> 18.70201 | F30: 56486.59 | G30: 71124.88 | H30: =G30/D30 -> 23.548567 | I30: =G30-F30 -> 14638.29 | J30: =I30/F30 -> 0.25914629 | K30: 45527 | L30: 45691 | M30: =DAYS360(K30,L30) -> 160 | Q30: 19.23 | S30: =(Q30-H30)/H30 -> -0.18338978
A31: TOST | B31: Long | C31: Toast | D31: 1436.8459 | E31: =F31/D31 -> 42.502492 | F31: =1436.8459*42.5024916 -> 61069.531 | G31: =1436.8459*38.249853 -> 54959.144 | H31: =G31/D31 -> 38.249853 | I31: =G31-F31 -> -6110.3863 | J31: =I31/F31 -> -0.10005622 | K31: 45706 | L31: 45708 | M31: =DAYS360(K31,L31) -> 2 | Q31: 36.01 | S31: =(Q31-H31)/H31 -> -0.058558473
A32: AXON | B32: Long | C32: Axon Enterprises | D32: 130.6907 | E32: =F32/D32 -> 701.32489 | F32: =130.6907*701.324893 -> 91656.641 | G32: =130.6907*531.6399528 -> 69480.398 | H32: =G32/D32 -> 531.63995 | I32: =G32-F32 -> -22176.244 | J32: =I32/F32 -> -0.24194912 | K32: 45706 | L32: 45708 | M32: =DAYS360(K32,L32) -> 2 | Q32: 628.16 | S32: =(Q32-H32)/H32 -> 0.18155153
A33: GEV | B33: Long | C33: GE Vernova | D33: 201.9693 | E33: =F33/D33 -> 368.56522 | F33: 74438.86 | G33: =201.9693*360.5332483 -> 72816.648 | H33: =G33/D33 -> 360.53325 | I33: =G33-F33 -> -1622.2122 | J33: =I33/F33 -> -0.021792545 | K33: 45664 | L33: 45708 | M33: =DAYS360(K33,L33) -> 43 | Q33: 396.32 | S33: =(Q33-H33)/H33 -> 0.099260614
A34: OKLO | B34: Long | C34: Oklo | D34: 1255.3625 | E34: =F34/D34 -> 30.178255 | F34: 37884.65 | G34: =1255.3625*39.762296 -> 49916.095 | H34: =G34/D34 -> 39.762296 | I34: =G34-F34 -> 12031.445 | J34: =I34/F34 -> 0.31758101 | K34: 45663 | L34: 45709 | M34: =DAYS360(K34,L34) -> 45 | Q34: 26.24 | S34: =(Q34-H34)/H34 -> -0.34007835
A35: DKS | B35: Long | C35: Dicks | D35: 252.7011 | E35: =F35/D35 -> 242.26931 | F35: 61221.72 | G35: =252.7011*226.6146532 -> 57265.772 | H35: =G35/D35 -> 226.61465 | I35: =G35-F35 -> -3955.9479 | J35: =I35/F35 -> -0.064616738 | K35: 45699 | L35: 45709 | M35: =DAYS360(K35,L35) -> 10 | Q35: 196.78 | S35: =(Q35-H35)/H35 -> -0.13165368
A36: MSTR | B36: Long | C36: Microstrategy | D36: =341.2204-83.2121 -> 258.0083 | E36: =F36/D36 -> 208.11482 | F36: =71012.62-17317.27 -> 53695.35 | G36: =258.0083*283.9399945 -> 73258.875 | H36: =G36/D36 -> 283.93999 | I36: =G36-F36 -> 19563.525 | J36: =I36/F36 -> 0.36434301 | K36: 45580 | L36: 45712 | M36: =DAYS360(K36,L36) -> 129 | Q36: 394.37 | S36: =(Q36-H36)/H36 -> 0.38892022
A37: PSTG | B37: Long | C37: Pure Storage | D37: =675.2982+456.8207 -> 1132.1189 | E37: =F37/D37 -> 67.383982 | F37: =45046.15+31240.53 -> 76286.68 | G37: =1132.1189*63.3653309 -> 71737.089 | H37: =G37/D37 -> 63.365331 | I37: =G37-F37 -> -4549.5913 | J37: =I37/F37 -> -0.059638082 | K37: 45673 | L37: 45712 | M37: =DAYS360(K37,L37) -> 38 | Q37: 47.84 | S37: =(Q37-H37)/H37 -> -0.24501302
A38: IBIT | B38: Long | C38: iShares Bitcoin | D38: =939.2424+388.9544 -> 1328.1968 | E38: =F38/D38 -> 45.483433 | F38: =36992.18+23418.77 -> 60410.95 | G38: =1328.1968*50.0213805 -> 66438.238 | H38: =G38/D38 -> 50.02138 | I38: =G38-F38 -> 6027.2875 | J38: =I38/F38 -> 0.099771441 | K38: 45593 | L38: 45713 | M38: =DAYS360(K38,L38) -> 117 | Q38: 55.19 | S38: =(Q38-H38)/H38 -> 0.10332821
A39: MTRX | B39: Long | C39: Matrix Service | D39: 1628.6374 | E39: =F39/D39 -> 13.889636 | F39: 22621.18 | G39: =1628.6374*12.519992 -> 20390.527 | H39: =G39/D39 -> 12.519992 | I39: =G39-F39 -> -2230.6528 | J39: =I39/F39 -> -0.098609037 | K39: 45692 | L39: 45715 | M39: =DAYS360(K39,L39) -> 23 | Q39: 12.49 | S39: =(Q39-H39)/H39 -> -0.0023955287
A40: FTNT | B40: Long | C40: Fortinet | D40: 440.0298 | E40: =F40/D40 -> 105.47629 | F40: 46412.71 | G40: =440.0298*94.6799953 -> 41662.019 | H40: =G40/D40 -> 94.679995 | I40: =G40-F40 -> -4750.6906 | J40: =I40/F40 -> -0.10235754 | K40: 45695 | L40: 45729 | M40: =DAYS360(K40,L40) -> 36 | Q40: 106.18 | S40: =(Q40-H40)/H40 -> 0.12146182
A41: ADMA | B41: Long | C41: ADMA Biologics | D41: 1312.6138 | E41: =F41/D41 -> 20.657667 | F41: =1312.6138*20.657667 -> 27115.539 | G41: =1312.6138*18.9477051 -> 24871.019 | H41: =G41/D41 -> 18.947705 | I41: =G41-F41 -> -2244.5196 | J41: =I41/F41 -> -0.082776138 | K41: 45761 | L41: 45768 | M41: =DAYS360(K41,L41) -> 7 | Q41: 23.52 | S41: =(Q41-H41)/H41 -> 0.24131128
A42: PLTR | B42: Long | C42: Palantir | D42: 352.9758 | E42: =F42/D42 -> 96.336406 | F42: 34004.42 | G42: =352.9758*89.7849585 -> 31691.918 | H42: =G42/D42 -> 89.784959 | I42: =G42-F42 -> -2312.5024 | J42: =I42/F42 -> -0.068005937 | K42: 45762 | L42: 45768 | M42: =DAYS360(K42,L42) -> 6 | Q42: 124.28 | S42: =(Q42-H42)/H42 -> 0.38419622
I47: =SUM(I26:I46) -> -2858.7586 | J47: Avg
H48: # of losses | I48: 11 | J48: -0.0973
H49: # of wins | I49: 5 | J49: 0.2756

Sheet 05-09-25
C1: 45786
C3: MANAGED ACCT | X3: Current | AC3: IBD
H4: Cost | J4: P/L | N4: Group | P4: EPS | R4: pivot | S4: last | W4: cost | X4: Stop | Y4: Stop | Z4: % | AB4: EPS | AC4: Comp
A5: Symbol | B5: Position | C5: Name | D5: Qty | E5: Current | F5: Value | G5: Cost | H5: per share | I5: P/L $ | J5: per sh | K5: Date purch | L5: days held | M5: % incr | N5: Rank | O5: RS | P5: RS | Q5: pivot | R5: -0.07 | S5: low | T5: 0.25 | U5: 0.5 | V5: 1 | W5: -0.07 | X5: Loss | Y5: Loss% | Z5: of port | AB5: Due | AC5: Rank
F7: =E7*D7 -> 0 | H7: =G7/D7 -> #DIV/0! | I7: =F7-G7 -> 0 | J7: =E7-H7 -> #DIV/0! | L7: =DAYS360(K7,$C$1) -> 45129 | M7: =(I7/G7) -> #DIV/0! | R7: =Q7*0.93 -> 0 | T7: =Q7*1.25 -> 0 | U7: =Q7*1.5 -> 0 | V7: =Q7*2 -> 0 | W7: =H7-(H7*0.07) -> #DIV/0! | Y7: =(X7-H7)/H7 -> #DIV/0! | Z7: =F7/F$20 -> 0
A8: TGTX | B8: Long | C8: TG Therapeutics | D8: 575.8482 | E8: 33.64 | F8: =E8*D8 -> 19371.533 | G8: =575.8482*38.1018073 -> 21940.857 | H8: =G8/D8 -> 38.101807 | I8: =F8-G8 -> -2569.3237 | J8: =E8-H8 -> -4.4618073 | K8: 45761 | L8: =DAYS360(K8,$C$1) -> 25 | M8: =(I8/G8) -> -0.11710225 | N8: 72 | O8: 95 | P8: 80 | Q8: 34.58 | R8: =Q8*0.93 -> 32.1594 | S8: 31 | T8: =Q8*1.25 -> 43.225 | U8: =Q8*1.5 -> 51.87 | V8: =Q8*2 -> 69.16 | W8: =H8-(H8*0.07) -> 35.434681 | X8: 34.5 | Y8: =(X8-H8)/H8 -> -0.094531141 | Z8: =F8/F$20 -> 0.043641182 | AB8: 45874 | AC8: 93
A9: GEV | B9: Long | C9: GE Vernova | D9: 98.1877 | E9: 399.26 | F9: =E9*D9 -> 39202.421 | G9: =98.1877*356.0822435 -> 34962.897 | H9: =G9/D9 -> 356.08224 | I9: =F9-G9 -> 4239.5246 | J9: =E9-H9 -> 43.177756 | K9: 45771 | L9: =DAYS360(K9,$C$1) -> 15 | M9: =(I9/G9) -> 0.12125782 | N9: 50 | O9: 97 | P9: 81 | Q9: 349.62 | R9: =Q9*0.93 -> 325.1466 | S9: 306.21 | T9: =Q9*1.25 -> 437.025 | U9: =Q9*1.5 -> 524.43 | V9: =Q9*2 -> 699.24 | W9: =H9-(H9*0.07) -> 331.15649 | X9: 330 | Y9: =(X9-H9)/H9 -> -0.073247807 | Z9: =F9/F$20 -> 0.08831722 | AB9: 45861 | AC9: 95
A10: ADMA | B10: Long | C10: ADMA Biologics | D10: 960.1571 | E10: 19.98 | F10: =E10*D10 -> 19183.939 | G10: =960.1571*24.5702931 -> 23591.341 | H10: =G10/D10 -> 24.570293 | I10: =F10-G10 -> -4407.4025 | J10: =E10-H10 -> -4.5902931 | K10: 45776 | L10: =DAYS360(K10,$C$1) -> 10 | M10: =(I10/G10) -> -0.18682289 | N10: 72 | O10: 95 | P10: 80 | Q10: 22.73 | R10: =Q10*0.93 -> 21.1389 | S10: 19.64 | T10: =Q10*1.25 -> 28.4125 | U10: =Q10*1.5 -> 34.095 | V10: =Q10*2 -> 45.46 | W10: =H10-(H10*0.07) -> 22.850373 | X10: 22.43 | Y10: =(X10-H10)/H10 -> -0.087108977 | Z10: =F10/F$20 -> 0.043218559 | AB10: 45875 | AC10: 97
A11: LOAR | B11: Long | C11: Loar Holdings | D11: 279.8991 | E11: 95.88 | F11: =E11*D11 -> 26836.726 | G11: =279.8991*98.0004109 -> 27430.227 | H11: =G11/D11 -> 98.000411 | I11: =F11-G11 -> -593.5011 | J11: =E11-H11 -> -2.1204109 | K11: 45782 | L11: =DAYS360(K11,$C$1) -> 4 | M11: =(I11/G11) -> -0.021636755 | N11: 6 | O11: 96 | P11: 80 | Q11: 90.79 | R11: =Q11*0.93 -> 84.4347 | S11: 90 | T11: =Q11*1.25 -> 113.4875 | U11: =Q11*1.5 -> 136.185 | V11: =Q11*2 -> 181.58 | W11: =H11-(H11*0.07) -> 91.140382 | X11: 90 | Y11: =(X11-H11)/H11 -> -0.081636504 | Z11: =F11/F$20 -> 0.060459149 | AB11: 45790 | AC11: 99
A12: PLTR | B12: Long | C12: Palantir | D12: 183.4831 | E12: 117.3 | F12: =E12*D12 -> 21522.568 | G12: =183.4831*124.6799869 -> 22876.671 | H12: =G12/D12 -> 124.67999 | I12: =F12-G12 -> -1354.1029 | J12: =E12-H12 -> -7.3799869 | K12: 45782 | L12: =DAYS360(K12,$C$1) -> 4 | M12: =(I12/G12) -> -0.059191431 | N12: 49 | O12: 99 | P12: 98 | Q12: 125.41 | R12: =Q12*0.93 -> 116.6313 | S12: 89.31 | T12: =Q12*1.25 -> 156.7625 | U12: =Q12*1.5 -> 188.115 | V12: =Q12*2 -> 250.82 | W12: =H12-(H12*0.07) -> 115.95239 | X12: 105 | Y12: =(X12-H12)/H12 -> -0.15784399 | Z12: =F12/F$20 -> 0.048487142 | AB12: 45880 | AC12: 99
A13: WAY | B13: Long | C13: Waystar Holding | D13: 553.2061 | E13: 40.01 | F13: =E13*D13 -> 22133.776 | G13: =553.2061*41.35364 -> 22877.086 | H13: =G13/D13 -> 41.35364 | I13: =F13-G13 -> -743.30984 | J13: =E13-H13 -> -1.34364 | K13: 45782 | L13: =DAYS360(K13,$C$1) -> 4 | M13: =(I13/G13) -> -0.032491457 | N13: 33 | O13: 95 | P13: 82 | Q13: 40 | R13: =Q13*0.93 -> 37.2 | S13: 35.53 | T13: =Q13*1.25 -> 50 | U13: =Q13*1.5 -> 60 | V13: =Q13*2 -> 80 | W13: =H13-(H13*0.07) -> 38.458885 | X13: 38.46 | Y13: =(X13-H13)/H13 -> -0.069973042 | Z13: =F13/F$20 -> 0.049864103 | AB13: 45875 | AC13: 98
F14: =E14*D14 -> 0 | H14: =G14/D14 -> #DIV/0! | I14: =F14-G14 -> 0 | J14: =E14-H14 -> #DIV/0! | L14: =DAYS360(K14,$C$1) -> 45129 | M14: =(I14/G14) -> #DIV/0! | R14: =Q14*0.93 -> 0 | T14: =Q14*1.25 -> 0 | U14: =Q14*1.5 -> 0 | V14: =Q14*2 -> 0 | W14: =H14-(H14*0.07) -> #DIV/0! | Y14: =(X14-H14)/H14 -> #DIV/0! | Z14: =F14/F$20 -> 0
F15: =E15*D15 -> 0 | H15: =G15/D15 -> #DIV/0! | I15: =F15-G15 -> 0 | J15: =E15-H15 -> #DIV/0! | L15: =DAYS360(K15,$C$1) -> 45129 | M15: =(I15/G15) -> #DIV/0! | R15: =Q15*0.93 -> 0 | T15: =Q15*1.25 -> 0 | U15: =Q15*1.5 -> 0 | V15: =Q15*2 -> 0 | W15: =H15-(H15*0.07) -> #DIV/0! | Y15: =(X15-H15)/H15 -> #DIV/0! | Z15: =F15/F$20 -> 0
F16: =E16*D16 -> 0 | H16: =G16/D16 -> #DIV/0! | I16: =F16-G16 -> 0 | J16: =E16-H16 -> #DIV/0! | L16: =DAYS360(K16,$C$1) -> 45129 | M16: =(I16/G16) -> #DIV/0! | R16: =Q16*0.93 -> 0 | T16: =Q16*1.25 -> 0 | U16: =Q16*1.5 -> 0 | V16: =Q16*2 -> 0 | W16: =H16-(H16*0.07) -> #DIV/0! | Y16: =(X16-H16)/H16 -> #DIV/0! | Z16: =F16/F$20 -> 0
F17: =E17*D17 -> 0 | H17: =G17/D17 -> #DIV/0! | I17: =F17-G17 -> 0 | J17: =E17-H17 -> #DIV/0! | L17: =DAYS360(K17,$C$1) -> 45129 | M17: =(I17/G17) -> #DIV/0! | R17: =Q17*0.93 -> 0 | T17: =Q17*1.25 -> 0 | U17: =Q17*1.5 -> 0 | V17: =Q17*2 -> 0 | W17: =H17-(H17*0.07) -> #DIV/0! | Y17: =(X17-H17)/H17 -> #DIV/0! | Z17: =F17/F$20 -> 0
A18: Sub-Total | F18: =SUM(F6:F17) -> 148250.96 | G18: =SUM(G6:G17) -> 153679.08 | I18: =SUM(I6:I17) -> -5428.1154
D19: Cash, other | F19: 295631 | G19: =F19/F20 -> 0.66601264
D20: Total | F20: =SUM(F18:F19) -> 443881.96 | K20: Control acct (Doug's IRA) | M20: Today
H21: Last week's close | I21: ='05-02-25'!F20 -> 685668.09 | K21: 45657 | L21: 170762 | M21: 153507
H22: Week's change | I22: =(F20-I21)/I21 -> -0.35262852 | K22: chg % | L22: =(M21-L21)/L21 -> -0.10104707
M24: days
A25: 2025 Closed Trades - Managed Acct | D25: Qty | E25: Cost/sh | F25: $ cost | G25: $Proc | H25: Proc/sh | I25: Profit/loss | J25: % | K25: Date purch | L25: Date sold | M25: held | P25: Comments (Close on May 9) | S25: chg from sale
A26: APH | B26: Long | C26: Amphenol | D26: 935.0369 | E26: =F26/D26 -> 72.335006 | F26: 67635.9 | G26: 64699.88 | H26: =G26/D26 -> 69.195002 | I26: =G26-F26 -> -2936.02 | J26: =I26/F26 -> -0.043409195 | K26: 45609 | L26: 45659 | M26: =DAYS360(K26,L26) -> 49 | Q26: 80.88 | S26: =(Q26-H26)/H26 -> 0.16887055
A27: SQ | B27: Long | C27: Block | D27: 653.8238 | E27: =F27/D27 -> 90.119203 | F27: 58922.08 | G27: 54094.08 | H27: =G27/D27 -> 82.734951 | I27: =G27-F27 -> -4828 | J27: =I27/F27 -> -0.081938723 | K27: 45660 | L27: 45667 | M27: =DAYS360(K27,L27) -> 7 | Q27: 50.36 | S27: =(Q27-H27)/H27 -> -0.39130924 | U27: (Now XYZ)
A28: ONON | B28: Long | C28: On Holding | D28: 1263.7796 | E28: =F28/D28 -> 44.698791 | F28: 56489.42 | G28: 75501.87 | H28: =G28/D28 -> 59.742909 | I28: =G28-F28 -> 19012.45 | J28: =I28/F28 -> 0.33656656 | K28: 45527 | L28: 45688 | M28: =DAYS360(K28,L28) -> 158 | Q28: 49.42 | S28: =(Q28-H28)/H28 -> -0.17278886
A29: AGX | B29: Long | C29: Argan | D29: =347.7531+131.6951 -> 479.4482 | E29: =F29/D29 -> 169.90901 | F29: =59492.79+21969.78 -> 81462.57 | G29: 65047.58 | H29: =G29/D29 -> 135.67176 | I29: =G29-F29 -> -16414.99 | J29: =I29/F29 -> -0.20150346 | K29: 45671 | L29: 45688 | M29: =DAYS360(K29,L29) -> 17 | Q29: 170.28 | S29: =(Q29-H29)/H29 -> 0.25508804
A30: TILE | B30: Long | C30: Interface | D30: 3020.3486 | E30: =F30/D30 -> 18.70201 | F30: 56486.59 | G30: 71124.88 | H30: =G30/D30 -> 23.548567 | I30: =G30-F30 -> 14638.29 | J30: =I30/F30 -> 0.25914629 | K30: 45527 | L30: 45691 | M30: =DAYS360(K30,L30) -> 160 | Q30: 20.66 | S30: =(Q30-H30)/H30 -> -0.12266422
A31: TOST | B31: Long | C31: Toast | D31: 1436.8459 | E31: =F31/D31 -> 42.502492 | F31: =1436.8459*42.5024916 -> 61069.531 | G31: =1436.8459*38.249853 -> 54959.144 | H31: =G31/D31 -> 38.249853 | I31: =G31-F31 -> -6110.3863 | J31: =I31/F31 -> -0.10005622 | K31: 45706 | L31: 45708 | M31: =DAYS360(K31,L31) -> 2 | Q31: 40.84 | S31: =(Q31-H31)/H31 -> 0.067716522
A32: AXON | B32: Long | C32: Axon Enterprises | D32: 130.6907 | E32: =F32/D32 -> 701.32489 | F32: =130.6907*701.324893 -> 91656.641 | G32: =130.6907*531.6399528 -> 69480.398 | H32: =G32/D32 -> 531.63995 | I32: =G32-F32 -> -22176.244 | J32: =I32/F32 -> -0.24194912 | K32: 45706 | L32: 45708 | M32: =DAYS360(K32,L32) -> 2 | Q32: 684.59 | S32: =(Q32-H32)/H32 -> 0.28769479
A33: GEV | B33: Long | C33: GE Vernova | D33: 201.9693 | E33: =F33/D33 -> 368.56522 | F33: 74438.86 | G33: =201.9693*360.5332483 -> 72816.648 | H33: =G33/D33 -> 360.53325 | I33: =G33-F33 -> -1622.2122 | J33: =I33/F33 -> -0.021792545 | K33: 45664 | L33: 45708 | M33: =DAYS360(K33,L33) -> 43 | Q33: 399.26 | S33: =(Q33-H33)/H33 -> 0.1074152
A34: OKLO | B34: Long | C34: Oklo | D34: 1255.3625 | E34: =F34/D34 -> 30.178255 | F34: 37884.65 | G34: =1255.3625*39.762296 -> 49916.095 | H34: =G34/D34 -> 39.762296 | I34: =G34-F34 -> 12031.445 | J34: =I34/F34 -> 0.31758101 | K34: 45663 | L34: 45709 | M34: =DAYS360(K34,L34) -> 45 | Q34: 28.09 | S34: =(Q34-H34)/H34 -> -0.29355186
A35: DKS | B35: Long | C35: Dicks | D35: 252.7011 | E35: =F35/D35 -> 242.26931 | F35: 61221.72 | G35: =252.7011*226.6146532 -> 57265.772 | H35: =G35/D35 -> 226.61465 | I35: =G35-F35 -> -3955.9479 | J35: =I35/F35 -> -0.064616738 | K35: 45699 | L35: 45709 | M35: =DAYS360(K35,L35) -> 10 | Q35: 190.88 | S35: =(Q35-H35)/H35 -> -0.15768907
A36: MSTR | B36: Long | C36: Microstrategy | D36: =341.2204-83.2121 -> 258.0083 | E36: =F36/D36 -> 208.11482 | F36: =71012.62-17317.27 -> 53695.35 | G36: =258.0083*283.9399945 -> 73258.875 | H36: =G36/D36 -> 283.93999 | I36: =G36-F36 -> 19563.525 | J36: =I36/F36 -> 0.36434301 | K36: 45580 | L36: 45712 | M36: =DAYS360(K36,L36) -> 129 | Q36: 416.03 | S36: =(Q36-H36)/H36 -> 0.46520394
A37: PSTG | B37: Long | C37: Pure Storage | D37: =675.2982+456.8207 -> 1132.1189 | E37: =F37/D37 -> 67.383982 | F37: =45046.15+31240.53 -> 76286.68 | G37: =1132.1189*63.3653309 -> 71737.089 | H37: =G37/D37 -> 63.365331 | I37: =G37-F37 -> -4549.5913 | J37: =I37/F37 -> -0.059638082 | K37: 45673 | L37: 45712 | M37: =DAYS360(K37,L37) -> 38 | Q37: 48.7 | S37: =(Q37-H37)/H37 -> -0.23144093
A38: IBIT | B38: Long | C38: iShares Bitcoin | D38: =939.2424+388.9544 -> 1328.1968 | E38: =F38/D38 -> 45.483433 | F38: =36992.18+23418.77 -> 60410.95 | G38: =1328.1968*50.0213805 -> 66438.238 | H38: =G38/D38 -> 50.02138 | I38: =G38-F38 -> 6027.2875 | J38: =I38/F38 -> 0.099771441 | K38: 45593 | L38: 45713 | M38: =DAYS360(K38,L38) -> 117 | Q38: 58.66 | S38: =(Q38-H38)/H38 -> 0.17269854
A39: MTRX | B39: Long | C39: Matrix Service | D39: 1628.6374 | E39: =F39/D39 -> 13.889636 | F39: 22621.18 | G39: =1628.6374*12.519992 -> 20390.527 | H39: =G39/D39 -> 12.519992 | I39: =G39-F39 -> -2230.6528 | J39: =I39/F39 -> -0.098609037 | K39: 45692 | L39: 45715 | M39: =DAYS360(K39,L39) -> 23 | Q39: 12.43 | S39: =(Q39-H39)/H39 -> -0.007187864
A40: FTNT | B40: Long | C40: Fortinet | D40: 440.0298 | E40: =F40/D40 -> 105.47629 | F40: 46412.71 | G40: =440.0298*94.6799953 -> 41662.019 | H40: =G40/D40 -> 94.679995 | I40: =G40-F40 -> -4750.6906 | J40: =I40/F40 -> -0.10235754 | K40: 45695 | L40: 45729 | M40: =DAYS360(K40,L40) -> 36 | Q40: 97.42 | S40: =(Q40-H40)/H40 -> 0.028939637
A41: ADMA | B41: Long | C41: ADMA Biologics | D41: 1312.6138 | E41: =F41/D41 -> 20.657667 | F41: =1312.6138*20.657667 -> 27115.539 | G41: =1312.6138*18.9477051 -> 24871.019 | H41: =G41/D41 -> 18.947705 | I41: =G41-F41 -> -2244.5196 | J41: =I41/F41 -> -0.082776138 | K41: 45761 | L41: 45768 | M41: =DAYS360(K41,L41) -> 7 | Q41: 19.98 | S41: =(Q41-H41)/H41 -> 0.054481263
A42: PLTR | B42: Long | C42: Palantir | D42: 352.9758 | E42: =F42/D42 -> 96.336406 | F42: 34004.42 | G42: =352.9758*89.7849585 -> 31691.918 | H42: =G42/D42 -> 89.784959 | I42: =G42-F42 -> -2312.5024 | J42: =I42/F42 -> -0.068005937 | K42: 45762 | L42: 45768 | M42: =DAYS360(K42,L42) -> 6 | Q42: 117.3 | S42: =(Q42-H42)/H42 -> 0.30645491
A43: AXGN | B43: Long | C43: Axogen | D43: 2234.6065 | E43: =F43/D43 -> 16.992625 | F43: 37971.83 | G43: =2234.6065*13.3067232 -> 29735.29 | H43: =G43/D43 -> 13.306723 | I43: =G43-F43 -> -8236.5398 | J43: =I43/F43 -> -0.21691185 | K43: 45652 | L43: 45785 | M43: =DAYS360(K43,L43) -> 132 | Q43: 11.37 | S43: =(Q43-H43)/H43 -> -0.14554471
I47: =SUM(I26:I46) -> -11095.298 | J47: Avg
H48: # of losses | I48: 11 | J48: -0.0973
H49: # of wins | I49: 5 | J49: 0.2756

Sheet 05-16-25
C1: 45793
C3: MANAGED ACCT | X3: Current | AC3: IBD
H4: Cost | J4: P/L | N4: Group | P4: EPS | R4: pivot | S4: last | W4: cost | X4: Stop | Y4: Stop | Z4: % | AB4: EPS | AC4: Comp
A5: Symbol | B5: Position | C5: Name | D5: Qty | E5: Current | F5: Value | G5: Cost | H5: per share | I5: P/L $ | J5: per sh | K5: Date purch | L5: days held | M5: % incr | N5: Rank | O5: RS | P5: RS | Q5: pivot | R5: -0.07 | S5: low | T5: 0.25 | U5: 0.5 | V5: 1 | W5: -0.07 | X5: Loss | Y5: Loss% | Z5: of port | AB5: Due | AC5: Rank
A7: GEV | B7: Long | C7: GE Vernova | D7: 98.1877 | E7: 428.06 | F7: =E7*D7 -> 42030.227 | G7: =98.1877*356.0822435 -> 34962.897 | H7: =G7/D7 -> 356.08224 | I7: =F7-G7 -> 7067.3304 | J7: =E7-H7 -> 71.977756 | K7: 45771 | L7: =DAYS360(K7,$C$1) -> 22 | M7: =(I7/G7) -> 0.20213801 | N7: 13 | O7: 97 | P7: 81 | Q7: 349.62 | R7: =Q7*0.93 -> 325.1466 | S7: 387.03 | T7: =Q7*1.25 -> 437.025 | U7: =Q7*1.5 -> 524.43 | V7: =Q7*2 -> 699.24 | W7: =H7-(H7*0.07) -> 331.15649 | X7: 385 | Y7: =(X7-H7)/H7 -> 0.081210892 | Z7: =F7/F$20 -> 0.093381125 | AB7: 45861 | AC7: 97
A8: ADMA | B8: Long | C8: ADMA Biologics | D8: 960.1571 | E8: 19.69 | F8: =E8*D8 -> 18905.493 | G8: =960.1571*24.5702931 -> 23591.341 | H8: =G8/D8 -> 24.570293 | I8: =F8-G8 -> -4685.8481 | J8: =E8-H8 -> -4.8802931 | K8: 45776 | L8: =DAYS360(K8,$C$1) -> 17 | M8: =(I8/G8) -> -0.19862576 | N8: 49 | O8: 95 | P8: 80 | Q8: 22.73 | R8: =Q8*0.93 -> 21.1389 | S8: 18.75 | T8: =Q8*1.25 -> 28.4125 | U8: =Q8*1.5 -> 34.095 | V8: =Q8*2 -> 45.46 | W8: =H8-(H8*0.07) -> 22.850373 | X8: 22.43 | Y8: =(X8-H8)/H8 -> -0.087108977 | Z8: =F8/F$20 -> 0.04200349 | AB8: 45875 | AC8: 96
A9: LOAR | B9: Long | C9: Loar Holdings | D9: 279.8991 | E9: 85.59 | F9: =E9*D9 -> 23956.564 | G9: =279.8991*98.0004109 -> 27430.227 | H9: =G9/D9 -> 98.000411 | I9: =F9-G9 -> -3473.6628 | J9: =E9-H9 -> -12.410411 | K9: 45782 | L9: =DAYS360(K9,$C$1) -> 11 | M9: =(I9/G9) -> -0.12663631 | N9: 7 | O9: 93 | P9: 81 | Q9: 90.79 | R9: =Q9*0.93 -> 84.4347 | S9: 81.35 | T9: =Q9*1.25 -> 113.4875 | U9: =Q9*1.5 -> 136.185 | V9: =Q9*2 -> 181.58 | W9: =H9-(H9*0.07) -> 91.140382 | X9: 90 | Y9: =(X9-H9)/H9 -> -0.081636504 | Z9: =F9/F$20 -> 0.053225763 | AB9: 45888 | AC9: 99
A10: PLTR | B10: Long | C10: Palantir | D10: =183.4831+120.5473+115.3915 -> 419.4219 | E10: 129.48 | F10: =E10*D10 -> 54306.748 | G10: =22876.67+14197.82+14808.77 -> 51883.26 | H10: =G10/D10 -> 123.70184 | I10: =F10-G10 -> 2423.4876 | J10: =E10-H10 -> 5.7781618 | K10: 45782 | L10: =DAYS360(K10,$C$1) -> 11 | M10: =(I10/G10) -> 0.046710396 | N10: 30 | O10: 99 | P10: 98 | Q10: 125.41 | R10: =Q10*0.93 -> 116.6313 | S10: 105.32 | T10: =Q10*1.25 -> 156.7625 | U10: =Q10*1.5 -> 188.115 | V10: =Q10*2 -> 250.82 | W10: =H10-(H10*0.07) -> 115.04271 | X10: 105 | Y10: =(X10-H10)/H10 -> -0.1511848 | Z10: =F10/F$20 -> 0.12065662 | AB10: 45880 | AC10: 99
A11: WAY | B11: Long | C11: Waystar Holding | D11: =553.2061+364.8063 -> 918.0124 | E11: 39.34 | F11: =E11*D11 -> 36114.608 | G11: =22877.09+14244.67 -> 37121.76 | H11: =G11/D11 -> 40.437101 | I11: =F11-G11 -> -1007.1522 | J11: =E11-H11 -> -1.0971008 | K11: 45782 | L11: =DAYS360(K11,$C$1) -> 11 | M11: =(I11/G11) -> -0.027131046 | N11: 26 | O11: 93 | P11: 82 | Q11: 40 | R11: =Q11*0.93 -> 37.2 | S11: 37.52 | T11: =Q11*1.25 -> 50 | U11: =Q11*1.5 -> 60 | V11: =Q11*2 -> 80 | W11: =H11-(H11*0.07) -> 37.606504 | X11: 37 | Y11: =(X11-H11)/H11 -> -0.084998696 | Z11: =F11/F$20 -> 0.080238032 | AB11: 45875 | AC11: 97
A12: RBLX | B12: Long | C12: Roblox | D12: =362.8226+163.9908 -> 526.8134 | E12: 81.27 | F12: =E12*D12 -> 42814.125 | G12: =26856.13+12527.28 -> 39383.41 | H12: =G12/D12 -> 74.757798 | I12: =F12-G12 -> 3430.715 | J12: =E12-H12 -> 6.5122015 | K12: 45789 | L12: =DAYS360(K12,$C$1) -> 4 | M12: =(I12/G12) -> 0.087110665 | N12: 21 | O12: 97 | P12: 40 | Q12: 74.24 | R12: =Q12*0.93 -> 69.0432 | S12: 68.55 | T12: =Q12*1.25 -> 92.8 | U12: =Q12*1.5 -> 111.36 | V12: =Q12*2 -> 148.48 | W12: =H12-(H12*0.07) -> 69.524753 | X12: 73 | Y12: =(X12-H12)/H12 -> -0.023513246 | Z12: =F12/F$20 -> 0.095122759 | AB12: 45875 | AC12: 92
A13: UBER | B13: Long | C13: Uber Technologies | D13: 392.3916 | E13: 91.79 | F13: =E13*D13 -> 36017.625 | G13: 35895.15 | H13: =G13/D13 -> 91.477876 | I13: =F13-G13 -> 122.47496 | J13: =E13-H13 -> 0.31212433 | K13: 45793 | L13: =DAYS360(K13,$C$1) -> 0 | M13: =(I13/G13) -> 0.0034120198 | N13: 79 | O13: 92 | P13: 82 | Q13: 87 | R13: =Q13*0.93 -> 80.91 | S13: 80.12 | T13: =Q13*1.25 -> 108.75 | U13: =Q13*1.5 -> 130.5 | V13: =Q13*2 -> 174 | W13: =H13-(H13*0.07) -> 85.074424 | X13: 85 | Y13: =(X13-H13)/H13 -> -0.070813578 | Z13: =F13/F$20 -> 0.080022559 | AB13: 45874 | AC13: 94
F14: =E14*D14 -> 0 | H14: =G14/D14 -> #DIV/0! | I14: =F14-G14 -> 0 | J14: =E14-H14 -> #DIV/0! | L14: =DAYS360(K14,$C$1) -> 45136 | M14: =(I14/G14) -> #DIV/0! | R14: =Q14*0.93 -> 0 | T14: =Q14*1.25 -> 0 | U14: =Q14*1.5 -> 0 | V14: =Q14*2 -> 0 | W14: =H14-(H14*0.07) -> #DIV/0! | Y14: =(X14-H14)/H14 -> #DIV/0! | Z14: =F14/F$20 -> 0
F15: =E15*D15 -> 0 | H15: =G15/D15 -> #DIV/0! | I15: =F15-G15 -> 0 | J15: =E15-H15 -> #DIV/0! | L15: =DAYS360(K15,$C$1) -> 45136 | M15: =(I15/G15) -> #DIV/0! | R15: =Q15*0.93 -> 0 | T15: =Q15*1.25 -> 0 | U15: =Q15*1.5 -> 0 | V15: =Q15*2 -> 0 | W15: =H15-(H15*0.07) -> #DIV/0! | Y15: =(X15-H15)/H15 -> #DIV/0! | Z15: =F15/F$20 -> 0
F16: =E16*D16 -> 0 | H16: =G16/D16 -> #DIV/0! | I16: =F16-G16 -> 0 | J16: =E16-H16 -> #DIV/0! | L16: =DAYS360(K16,$C$1) -> 45136 | M16: =(I16/G16) -> #DIV/0! | R16: =Q16*0.93 -> 0 | T16: =Q16*1.25 -> 0 | U16: =Q16*1.5 -> 0 | V16: =Q16*2 -> 0 | W16: =H16-(H16*0.07) -> #DIV/0! | Y16: =(X16-H16)/H16 -> #DIV/0! | Z16: =F16/F$20 -> 0
F17: =E17*D17 -> 0 | H17: =G17/D17 -> #DIV/0! | I17: =F17-G17 -> 0 | J17: =E17-H17 -> #DIV/0! | L17: =DAYS360(K17,$C$1) -> 45136 | M17: =(I17/G17) -> #DIV/0! | R17: =Q17*0.93 -> 0 | T17: =Q17*1.25 -> 0 | U17: =Q17*1.5 -> 0 | V17: =Q17*2 -> 0 | W17: =H17-(H17*0.07) -> #DIV/0! | Y17: =(X17-H17)/H17 -> #DIV/0! | Z17: =F17/F$20 -> 0
A18: Sub-Total | F18: =SUM(F6:F17) -> 254145.39 | G18: =SUM(G6:G17) -> 250268.04 | I18: =SUM(I6:I17) -> 3877.3449
D19: Cash, other | F19: 195948 | G19: =F19/F20 -> 0.43534965
D20: Total | F20: =SUM(F18:F19) -> 450093.39 | K20: Control acct (Doug's IRA) | M20: Today
H21: Last week's close | I21: ='05-09-25'!F20 -> 443881.96 | K21: 45657 | L21: 170762 | M21: 155656
H22: Week's change | I22: =(F20-I21)/I21 -> 0.01399342 | K22: chg % | L22: =(M21-L21)/L21 -> -0.088462304
M24: days
A25: 2025 Closed Trades - Managed Acct | D25: Qty | E25: Cost/sh | F25: $ cost | G25: $Proc | H25: Proc/sh | I25: Profit/loss | J25: % | K25: Date purch | L25: Date sold | M25: held | P25: Comments (Close on May 16) | S25: chg from sale
A26: APH | B26: Long | C26: Amphenol | D26: 935.0369 | E26: =F26/D26 -> 72.335006 | F26: 67635.9 | G26: 64699.88 | H26: =G26/D26 -> 69.195002 | I26: =G26-F26 -> -2936.02 | J26: =I26/F26 -> -0.043409195 | K26: 45609 | L26: 45659 | M26: =DAYS360(K26,L26) -> 49 | Q26: 86.88 | S26: =(Q26-H26)/H26 -> 0.25558202
A27: SQ | B27: Long | C27: Block | D27: 653.8238 | E27: =F27/D27 -> 90.119203 | F27: 58922.08 | G27: 54094.08 | H27: =G27/D27 -> 82.734951 | I27: =G27-F27 -> -4828 | J27: =I27/F27 -> -0.081938723 | K27: 45660 | L27: 45667 | M27: =DAYS360(K27,L27) -> 7 | Q27: 57.66 | S27: =(Q27-H27)/H27 -> -0.30307567 | U27: (Now XYZ)
A28: ONON | B28: Long | C28: On Holding | D28: 1263.7796 | E28: =F28/D28 -> 44.698791 | F28: 56489.42 | G28: 75501.87 | H28: =G28/D28 -> 59.742909 | I28: =G28-F28 -> 19012.45 | J28: =I28/F28 -> 0.33656656 | K28: 45527 | L28: 45688 | M28: =DAYS360(K28,L28) -> 158 | Q28: 59.9 | S28: =(Q28-H28)/H28 -> 0.0026294453
A29: AGX | B29: Long | C29: Argan | D29: =347.7531+131.6951 -> 479.4482 | E29: =F29/D29 -> 169.90901 | F29: =59492.79+21969.78 -> 81462.57 | G29: 65047.58 | H29: =G29/D29 -> 135.67176 | I29: =G29-F29 -> -16414.99 | J29: =I29/F29 -> -0.20150346 | K29: 45671 | L29: 45688 | M29: =DAYS360(K29,L29) -> 17 | Q29: 188.5 | S29: =(Q29-H29)/H29 -> 0.38938275
A30: TILE | B30: Long | C30: Interface | D30: 3020.3486 | E30: =F30/D30 -> 18.70201 | F30: 56486.59 | G30: 71124.88 | H30: =G30/D30 -> 23.548567 | I30: =G30-F30 -> 14638.29 | J30: =I30/F30 -> 0.25914629 | K30: 45527 | L30: 45691 | M30: =DAYS360(K30,L30) -> 160 | Q30: 20.53 | S30: =(Q30-H30)/H30 -> -0.12818473
A31: TOST | B31: Long | C31: Toast | D31: 1436.8459 | E31: =F31/D31 -> 42.502492 | F31: =1436.8459*42.5024916 -> 61069.531 | G31: =1436.8459*38.249853 -> 54959.144 | H31: =G31/D31 -> 38.249853 | I31: =G31-F31 -> -6110.3863 | J31: =I31/F31 -> -0.10005622 | K31: 45706 | L31: 45708 | M31: =DAYS360(K31,L31) -> 2 | Q31: 44.72 | S31: =(Q31-H31)/H31 -> 0.16915482
A32: AXON | B32: Long | C32: Axon Enterprises | D32: 130.6907 | E32: =F32/D32 -> 701.32489 | F32: =130.6907*701.324893 -> 91656.641 | G32: =130.6907*531.6399528 -> 69480.398 | H32: =G32/D32 -> 531.63995 | I32: =G32-F32 -> -22176.244 | J32: =I32/F32 -> -0.24194912 | K32: 45706 | L32: 45708 | M32: =DAYS360(K32,L32) -> 2 | Q32: 733.18 | S32: =(Q32-H32)/H32 -> 0.37909124
A33: GEV | B33: Long | C33: GE Vernova | D33: 201.9693 | E33: =F33/D33 -> 368.56522 | F33: 74438.86 | G33: =201.9693*360.5332483 -> 72816.648 | H33: =G33/D33 -> 360.53325 | I33: =G33-F33 -> -1622.2122 | J33: =I33/F33 -> -0.021792545 | K33: 45664 | L33: 45708 | M33: =DAYS360(K33,L33) -> 43 | Q33: 428.06 | S33: =(Q33-H33)/H33 -> 0.18729688
A34: OKLO | B34: Long | C34: Oklo | D34: 1255.3625 | E34: =F34/D34 -> 30.178255 | F34: 37884.65 | G34: =1255.3625*39.762296 -> 49916.095 | H34: =G34/D34 -> 39.762296 | I34: =G34-F34 -> 12031.445 | J34: =I34/F34 -> 0.31758101 | K34: 45663 | L34: 45709 | M34: =DAYS360(K34,L34) -> 45 | Q34: 37.72 | S34: =(Q34-H34)/H34 -> -0.051362628
A35: DKS | B35: Long | C35: Dicks | D35: 252.7011 | E35: =F35/D35 -> 242.26931 | F35: 61221.72 | G35: =252.7011*226.6146532 -> 57265.772 | H35: =G35/D35 -> 226.61465 | I35: =G35-F35 -> -3955.9479 | J35: =I35/F35 -> -0.064616738 | K35: 45699 | L35: 45709 | M35: =DAYS360(K35,L35) -> 10 | Q35: 184.02 | S35: =(Q35-H35)/H35 -> -0.18796072
A36: MSTR | B36: Long | C36: Microstrategy | D36: =341.2204-83.2121 -> 258.0083 | E36: =F36/D36 -> 208.11482 | F36: =71012.62-17317.27 -> 53695.35 | G36: =258.0083*283.9399945 -> 73258.875 | H36: =G36/D36 -> 283.93999 | I36: =G36-F36 -> 19563.525 | J36: =I36/F36 -> 0.36434301 | K36: 45580 | L36: 45712 | M36: =DAYS360(K36,L36) -> 129 | Q36: 399.8 | S36: =(Q36-H36)/H36 -> 0.40804398
A37: PSTG | B37: Long | C37: Pure Storage | D37: =675.2982+456.8207 -> 1132.1189 | E37: =F37/D37 -> 67.383982 | F37: =45046.15+31240.53 -> 76286.68 | G37: =1132.1189*63.3653309 -> 71737.089 | H37: =G37/D37 -> 63.365331 | I37: =G37-F37 -> -4549.5913 | J37: =I37/F37 -> -0.059638082 | K37: 45673 | L37: 45712 | M37: =DAYS360(K37,L37) -> 38 | Q37: 56.56 | S37: =(Q37-H37)/H37 -> -0.10739833
A38: IBIT | B38: Long | C38: iShares Bitcoin | D38: =939.2424+388.9544 -> 1328.1968 | E38: =F38/D38 -> 45.483433 | F38: =36992.18+23418.77 -> 60410.95 | G38: =1328.1968*50.0213805 -> 66438.238 | H38: =G38/D38 -> 50.02138 | I38: =G38-F38 -> 6027.2875 | J38: =I38/F38 -> 0.099771441 | K38: 45593 | L38: 45713 | M38: =DAYS360(K38,L38) -> 117 | Q38: 59.2 | S38: =(Q38-H38)/H38 -> 0.18349393
A39: MTRX | B39: Long | C39: Matrix Service | D39: 1628.6374 | E39: =F39/D39 -> 13.889636 | F39: 22621.18 | G39: =1628.6374*12.519992 -> 20390.527 | H39: =G39/D39 -> 12.519992 | I39: =G39-F39 -> -2230.6528 | J39: =I39/F39 -> -0.098609037 | K39: 45692 | L39: 45715 | M39: =DAYS360(K39,L39) -> 23 | Q39: 12.77 | S39: =(Q39-H39)/H39 -> 0.019968703
A40: FTNT | B40: Long | C40: Fortinet | D40: 440.0298 | E40: =F40/D40 -> 105.47629 | F40: 46412.71 | G40: =440.0298*94.6799953 -> 41662.019 | H40: =G40/D40 -> 94.679995 | I40: =G40-F40 -> -4750.6906 | J40: =I40/F40 -> -0.10235754 | K40: 45695 | L40: 45729 | M40: =DAYS360(K40,L40) -> 36 | Q40: 104.59 | S40: =(Q40-H40)/H40 -> 0.10466841
A41: ADMA | B41: Long | C41: ADMA Biologics | D41: 1312.6138 | E41: =F41/D41 -> 20.657667 | F41: =1312.6138*20.657667 -> 27115.539 | G41: =1312.6138*18.9477051 -> 24871.019 | H41: =G41/D41 -> 18.947705 | I41: =G41-F41 -> -2244.5196 | J41: =I41/F41 -> -0.082776138 | K41: 45761 | L41: 45768 | M41: =DAYS360(K41,L41) -> 7 | Q41: 19.69 | S41: =(Q41-H41)/H41 -> 0.039175979
A42: PLTR | B42: Long | C42: Palantir | D42: 352.9758 | E42: =F42/D42 -> 96.336406 | F42: 34004.42 | G42: =352.9758*89.7849585 -> 31691.918 | H42: =G42/D42 -> 89.784959 | I42: =G42-F42 -> -2312.5024 | J42: =I42/F42 -> -0.068005937 | K42: 45762 | L42: 45768 | M42: =DAYS360(K42,L42) -> 6 | Q42: 129.48 | S42: =(Q42-H42)/H42 -> 0.44211238
A43: AXGN | B43: Long | C43: Axogen | D43: 2234.6065 | E43: =F43/D43 -> 16.992625 | F43: 37971.83 | G43: =2234.6065*13.3067232 -> 29735.29 | H43: =G43/D43 -> 13.306723 | I43: =G43-F43 -> -8236.5398 | J43: =I43/F43 -> -0.21691185 | K43: 45652 | L43: 45785 | M43: =DAYS360(K43,L43) -> 132 | Q43: 11.83 | S43: =(Q43-H43)/H43 -> -0.11097572
A44: TGTX | B44: Long | C44: TG Therapeutics | D44: 575.8482 | E44: =F44/D44 -> 38.101812 | F44: 21940.86 | G44: =575.8482*32.7857042 -> 18879.589 | H44: =G44/D44 -> 32.785704 | I44: =G44-F44 -> -3061.2713 | J44: =I44/F44 -> -0.13952376 | K44: 45761 | L44: 45790 | M44: =DAYS360(K44,L44) -> 29 | Q44: 34.36 | S44: =(Q44-H44)/H44 -> 0.048017752
I47: =SUM(I26:I46) -> -14156.57 | J47: Avg
H48: # of losses | I48: 14 | J48: -0.1068
H49: # of wins | I49: 5 | J49: 0.2756

Sheet 05-23-25
C1: 45800
C3: MANAGED ACCT | X3: Current | AC3: IBD
H4: Cost | J4: P/L | N4: Group | P4: EPS | R4: pivot | S4: last | W4: cost | X4: Stop | Y4: Stop | Z4: % | AB4: EPS | AC4: Comp
A5: Symbol | B5: Position | C5: Name | D5: Qty | E5: Current | F5: Value | G5: Cost | H5: per share | I5: P/L $ | J5: per sh | K5: Date purch | L5: days held | M5: % incr | N5: Rank | O5: RS | P5: RS | Q5: pivot | R5: -0.07 | S5: low | T5: 0.25 | U5: 0.5 | V5: 1 | W5: -0.07 | X5: Loss | Y5: Loss% | Z5: of port | AB5: Due | AC5: Rank
A7: GEV | B7: Long | C7: GE Vernova | D7: =98.1877+35.2566 -> 133.4443 | E7: 464.39 | F7: =E7*D7 -> 61970.198 | G7: =34962.9+15401.92 -> 50364.82 | H7: =G7/D7 -> 377.42204 | I7: =F7-G7 -> 11605.378 | J7: =E7-H7 -> 86.967959 | K7: 45771 | L7: =DAYS360(K7,$C$1) -> 29 | M7: =(I7/G7) -> 0.23042629 | N7: 9 | O7: 98 | P7: 81 | Q7: 349.62 | R7: =Q7*0.93 -> 325.1466 | S7: 387.03 | T7: =Q7*1.25 -> 437.025 | U7: =Q7*1.5 -> 524.43 | V7: =Q7*2 -> 699.24 | W7: =H7-(H7*0.07) -> 351.0025 | X7: 400 | Y7: =(X7-H7)/H7 -> 0.059821518 | Z7: =F7/F$20 -> 0.13736449 | AB7: 45861 | AC7: 98
A8: ADMA | B8: Long | C8: ADMA Biologics | D8: 960.1571 | E8: 20.42 | F8: =E8*D8 -> 19606.408 | G8: =960.1571*24.5702931 -> 23591.341 | H8: =G8/D8 -> 24.570293 | I8: =F8-G8 -> -3984.9334 | J8: =E8-H8 -> -4.1502931 | K8: 45776 | L8: =DAYS360(K8,$C$1) -> 24 | M8: =(I8/G8) -> -0.16891508 | N8: 47 | O8: 95 | P8: 80 | Q8: 22.73 | R8: =Q8*0.93 -> 21.1389 | S8: 18.75 | T8: =Q8*1.25 -> 28.4125 | U8: =Q8*1.5 -> 34.095 | V8: =Q8*2 -> 45.46 | W8: =H8-(H8*0.07) -> 22.850373 | X8: 22.43 | Y8: =(X8-H8)/H8 -> -0.087108977 | Z8: =F8/F$20 -> 0.043459991 | AB8: 45875 | AC8: 96
A9: LOAR | B9: Long | C9: Loar Holdings | D9: 279.8991 | E9: 85.39 | F9: =E9*D9 -> 23900.584 | G9: =279.8991*98.0004109 -> 27430.227 | H9: =G9/D9 -> 98.000411 | I9: =F9-G9 -> -3529.6427 | J9: =E9-H9 -> -12.610411 | K9: 45782 | L9: =DAYS360(K9,$C$1) -> 18 | M9: =(I9/G9) -> -0.12867712 | N9: 11 | O9: 91 | P9: 81 | Q9: 90.79 | R9: =Q9*0.93 -> 84.4347 | S9: 81.1 | T9: =Q9*1.25 -> 113.4875 | U9: =Q9*1.5 -> 136.185 | V9: =Q9*2 -> 181.58 | W9: =H9-(H9*0.07) -> 91.140382 | X9: 90 | Y9: =(X9-H9)/H9 -> -0.081636504 | Z9: =F9/F$20 -> 0.052978555 | AB9: 45888 | AC9: 99
A10: PLTR | B10: Long | C10: Palantir | D10: =183.4831+120.5473+115.3915 -> 419.4219 | E10: 123.31 | F10: =E10*D10 -> 51718.914 | G10: =22876.67+14197.82+14808.77 -> 51883.26 | H10: =G10/D10 -> 123.70184 | I10: =F10-G10 -> -164.34551 | J10: =E10-H10 -> -0.39183817 | K10: 45782 | L10: =DAYS360(K10,$C$1) -> 18 | M10: =(I10/G10) -> -0.0031676019 | N10: 37 | O10: 99 | P10: 98 | Q10: 125.41 | R10: =Q10*0.93 -> 116.6313 | S10: 105.32 | T10: =Q10*1.25 -> 156.7625 | U10: =Q10*1.5 -> 188.115 | V10: =Q10*2 -> 250.82 | W10: =H10-(H10*0.07) -> 115.04271 | X10: 105 | Y10: =(X10-H10)/H10 -> -0.1511848 | Z10: =F10/F$20 -> 0.11464127 | AB10: 45880 | AC10: 99
A11: WAY | B11: Long | C11: Waystar Holding | D11: =553.2061+364.8063 -> 918.0124 | E11: 38.62 | F11: =E11*D11 -> 35453.639 | G11: =22877.09+14244.67 -> 37121.76 | H11: =G11/D11 -> 40.437101 | I11: =F11-G11 -> -1668.1211 | J11: =E11-H11 -> -1.8171008 | K11: 45782 | L11: =DAYS360(K11,$C$1) -> 18 | M11: =(I11/G11) -> -0.044936477 | N11: 30 | O11: 93 | P11: 82 | Q11: 40 | R11: =Q11*0.93 -> 37.2 | S11: 37.52 | T11: =Q11*1.25 -> 50 | U11: =Q11*1.5 -> 60 | V11: =Q11*2 -> 80 | W11: =H11-(H11*0.07) -> 37.606504 | X11: 37 | Y11: =(X11-H11)/H11 -> -0.084998696 | Z11: =F11/F$20 -> 0.078587308 | AB11: 45875 | AC11: 97
A12: RBLX | B12: Long | C12: Roblox | D12: =362.8226+163.9908 -> 526.8134 | E12: 82.26 | F12: =E12*D12 -> 43335.67 | G12: =26856.13+12527.28 -> 39383.41 | H12: =G12/D12 -> 74.757798 | I12: =F12-G12 -> 3952.2603 | J12: =E12-H12 -> 7.5022015 | K12: 45789 | L12: =DAYS360(K12,$C$1) -> 11 | M12: =(I12/G12) -> 0.10035343 | N12: 21 | O12: 98 | P12: 40 | Q12: 74.24 | R12: =Q12*0.93 -> 69.0432 | S12: 68.55 | T12: =Q12*1.25 -> 92.8 | U12: =Q12*1.5 -> 111.36 | V12: =Q12*2 -> 148.48 | W12: =H12-(H12*0.07) -> 69.524753 | X12: 73 | Y12: =(X12-H12)/H12 -> -0.023513246 | Z12: =F12/F$20 -> 0.096058791 | AB12: 45875 | AC12: 92
A13: UBER | B13: Long | C13: Uber Technologies | D13: =392.3916+221.1479 -> 613.5395 | E13: 87.75 | F13: =E13*D13 -> 53838.091 | G13: =35895.15+19479.74 -> 55374.89 | H13: =G13/D13 -> 90.254808 | I13: =F13-G13 -> -1536.7989 | J13: =E13-H13 -> -2.5048084 | K13: 45793 | L13: =DAYS360(K13,$C$1) -> 7 | M13: =(I13/G13) -> -0.027752631 | N13: 67 | O13: 90 | P13: 83 | Q13: 87 | R13: =Q13*0.93 -> 80.91 | S13: 80.12 | T13: =Q13*1.25 -> 108.75 | U13: =Q13*1.5 -> 130.5 | V13: =Q13*2 -> 174 | W13: =H13-(H13*0.07) -> 83.936972 | X13: 85 | Y13: =(X13-H13)/H13 -> -0.058221922 | Z13: =F13/F$20 -> 0.11933869 | AB13: 45874 | AC13: 94
A14: HOOD | B14: Long | C14: Robinhood Mark | D14: 570.8121 | E14: 63.17 | F14: =E14*D14 -> 36058.2 | G14: 36072.47 | H14: =G14/D14 -> 63.194999 | I14: =F14-G14 -> -14.269643 | J14: =E14-H14 -> -0.024998845 | K14: 45796 | L14: =DAYS360(K14,$C$1) -> 4 | M14: =(I14/G14) -> -0.00039558264 | N14: 33 | O14: 98 | P14: 81 | Q14: 63.78 | R14: =Q14*0.93 -> 59.3154 | S14: 57.68 | T14: =Q14*1.25 -> 79.725 | U14: =Q14*1.5 -> 95.67 | V14: =Q14*2 -> 127.56 | W14: =H14-(H14*0.07) -> 58.771349 | X14: 56 | Y14: =(X14-H14)/H14 -> -0.11385393 | Z14: =F14/F$20 -> 0.079927392 | AB14: 45868 | AC14: 97
A15: SMR | B15: Long | C15: NuScale Power | D15: 605.0016 | E15: 30.24 | F15: =E15*D15 -> 18295.248 | G15: =605.0016*29.7738017 -> 18013.198 | H15: =G15/D15 -> 29.773802 | I15: =F15-G15 -> 282.05072 | J15: =E15-H15 -> 0.4661983 | K15: 45800 | L15: =DAYS360(K15,$C$1) -> 0 | M15: =(I15/G15) -> 0.015658004 | N15: 9 | O15: 99 | P15: 19 | Q15: 29.66 | R15: =Q15*0.93 -> 27.5838 | S15: 22.49 | T15: =Q15*1.25 -> 37.075 | U15: =Q15*1.5 -> 44.49 | V15: =Q15*2 -> 59.32 | W15: =H15-(H15*0.07) -> 27.689636 | X15: 27 | Y15: =(X15-H15)/H15 -> -0.093162497 | Z15: =F15/F$20 -> 0.040553646 | AB15: 45875 | AC15: 89
F16: =E16*D16 -> 0 | H16: =G16/D16 -> #DIV/0! | I16: =F16-G16 -> 0 | J16: =E16-H16 -> #DIV/0! | L16: =DAYS360(K16,$C$1) -> 45143 | M16: =(I16/G16) -> #DIV/0! | R16: =Q16*0.93 -> 0 | T16: =Q16*1.25 -> 0 | U16: =Q16*1.5 -> 0 | V16: =Q16*2 -> 0 | W16: =H16-(H16*0.07) -> #DIV/0! | Y16: =(X16-H16)/H16 -> #DIV/0! | Z16: =F16/F$20 -> 0
